Id_llanta,Id_medida,Marca,Precio,Durabilidad
1,1,Michelin,140149,5
2,1,Bridgestone,157668,4
3,1,Dunlop,122631,4
4,1,Yokohama,131390,5
5,1,Hankook,122631,4
6,1,Firestone,122631,4
7,1,Cooper,122631,4
8,1,BFGoodrich,140149,3
9,1,General Tire,122631,3
10,1,Nexen,122631,3
11,2,Michelin,188899,5
12,2,Bridgestone,212512,4
13,2,Pirelli,188899,4
14,2,Yokohama,177093,5
15,2,Hankook,165287,4
16,2,Firestone,165287,4
17,2,Cooper,165287,4
18,2,Kumho,165287,3
19,2,General Tire,165287,3
20,2,Maxxis,165287,3
21,3,Michelin,188899,5
22,3,Bridgestone,212512,4
23,3,Goodyear,188899,4
24,3,Pirelli,188899,4
25,3,Continental,165287,4
26,3,Dunlop,165287,4
27,3,Hankook,165287,4
28,3,Firestone,165287,4
29,3,Toyotires,165287,4
30,3,BFGoodrich,188899,3
31,3,Kumho,165287,3
32,3,General Tire,165287,3
33,3,Nexen,165287,3
34,3,Sumitomo  ,165287,3
35,4,Michelin,347099,5
36,4,Bridgestone,390487,4
37,4,Pirelli,347099,4
38,4,Dunlop,303712,4
39,4,Yokohama,325406,5
40,4,Hankook,303712,4
41,4,Firestone,303712,4
42,4,Toyotires,303712,4
43,4,Cooper,303712,4
44,4,BFGoodrich,347099,3
45,4,Falken,303712,3
46,4,General Tire,303712,3
47,4,Cooper Tires,303712,3
48,4,Sumitomo  ,303712,3
49,5,Michelin,249599,5
50,5,Bridgestone,280799,4
51,5,Goodyear,249599,4
52,5,Continental,218400,4
53,5,Yokohama,234000,5
54,5,Hankook,218400,4
55,5,Firestone,218400,4
56,5,Toyotires,218400,4
57,5,Maxxis,218400,3
58,6,Michelin,200849,5
59,6,Bridgestone,225956,4
60,6,Goodyear,200849,4
61,6,Pirelli,200849,4
62,6,Yokohama,188296,5
63,6,Hankook,175743,4
64,6,Toyotires,175743,4
65,6,BFGoodrich,200849,3
66,6,Kumho,175743,3
67,6,Cooper Tires,175743,3
68,6,Sumitomo  ,175743,3
69,7,Michelin,249599,5
70,7,Bridgestone,280799,4
71,7,Pirelli,249599,4
72,7,Continental,218400,4
73,7,Yokohama,234000,5
74,7,Hankook,218400,4
75,7,Firestone,218400,4
76,7,Toyotires,218400,4
77,7,BFGoodrich,249599,3
78,7,Kumho,218400,3
79,7,Falken,218400,3
80,7,General Tire,218400,3
81,7,Nexen,218400,3
82,7,Cooper Tires,218400,3
83,8,Michelin,298349,5
84,8,Bridgestone,335643,4
85,8,Goodyear,298349,4
86,8,Continental,261056,4
87,8,Dunlop,261056,4
88,8,Yokohama,279703,5
89,8,Hankook,261056,4
90,8,Toyotires,261056,4
91,8,Cooper,261056,4
92,8,BFGoodrich,298349,3
93,8,Kumho,261056,3
94,8,Nitto,261056,3
95,8,Cooper Tires,261056,3
96,8,Maxxis,261056,3
97,9,Michelin,542099,5
98,9,Bridgestone,609862,4
99,9,Goodyear,542099,4
100,9,Continental,474337,4
101,9,Yokohama,508218,5
102,9,Hankook,474337,4
103,9,Toyotires,474337,4
104,9,Cooper,474337,4
105,9,Nitto,474337,3
106,9,General Tire,474337,3
107,9,Cooper Tires,474337,3
108,9,Maxxis,474337,3
109,10,Michelin,200849,5
110,10,Bridgestone,225956,4
111,10,Pirelli,200849,4
112,10,Continental,175743,4
113,10,Hankook,175743,4
114,10,Firestone,175743,4
115,10,Toyotires,175743,4
116,10,Cooper,175743,4
117,10,Nitto,175743,3
118,10,Nexen,175743,3
119,10,Cooper Tires,175743,3
120,11,Michelin,249599,5
121,11,Bridgestone,280799,4
122,11,Goodyear,249599,4
123,11,Pirelli,249599,4
124,11,Continental,218400,4
125,11,Yokohama,234000,5
126,11,Hankook,218400,4
127,11,Toyotires,218400,4
128,11,BFGoodrich,249599,3
129,11,Kumho,218400,3
130,11,Nitto,218400,3
131,11,Nexen,218400,3
132,11,Sumitomo  ,218400,3
133,12,Michelin,347099,5
134,12,Bridgestone,390487,4
135,12,Goodyear,347099,4
136,12,Pirelli,347099,4
137,12,Continental,303712,4
138,12,Dunlop,303712,4
139,12,Hankook,303712,4
140,12,Firestone,303712,4
141,12,Toyotires,303712,4
142,12,Falken,303712,3
143,12,Nitto,303712,3
144,12,Nexen,303712,3
145,12,Sumitomo  ,303712,3
146,13,Michelin,359049,5
147,13,Bridgestone,403931,4
148,13,Dunlop,314168,4
149,13,Yokohama,336609,5
150,13,Hankook,314168,4
151,13,Firestone,314168,4
152,13,Toyotires,314168,4
153,13,Cooper,314168,4
154,13,BFGoodrich,359049,3
155,13,Falken,314168,3
156,13,Nexen,314168,3
157,13,Maxxis,314168,3
158,13,Sumitomo  ,314168,3
159,14,Michelin,359049,5
160,14,Bridgestone,403931,4
161,14,Goodyear,359049,4
162,14,Pirelli,359049,4
163,14,Dunlop,314168,4
164,14,Yokohama,336609,5
165,14,Hankook,314168,4
166,14,Firestone,314168,4
167,14,Toyotires,314168,4
168,14,Cooper,314168,4
169,14,BFGoodrich,359049,3
170,14,Falken,314168,3
171,14,Nitto,314168,3
172,14,General Tire,314168,3
173,14,Nexen,314168,3
174,14,Cooper Tires,314168,3
175,15,Michelin,407799,5
176,15,Bridgestone,458774,4
177,15,Dunlop,356825,4
178,15,Yokohama,382312,5
179,15,Toyotires,356825,4
180,15,BFGoodrich,407799,3
181,15,Sumitomo  ,356825,3
182,16,Michelin,261549,5
183,16,Bridgestone,294243,4
184,16,Goodyear,261549,4
185,16,Pirelli,261549,4
186,16,Continental,228856,4
187,16,Yokohama,245203,5
188,16,Kumho,228856,3
189,16,Falken,228856,3
190,16,Nitto,228856,3
191,16,Nexen,228856,3
192,16,Maxxis,228856,3
193,17,Michelin,310299,5
194,17,Bridgestone,349087,4
195,17,Goodyear,310299,4
196,17,Pirelli,310299,4
197,17,Continental,271512,4
198,17,Hankook,271512,4
199,17,Firestone,271512,4
200,17,Toyotires,271512,4
201,17,BFGoodrich,310299,3
202,17,Nitto,271512,3
203,17,Cooper Tires,271512,3
204,17,Maxxis,271512,3
205,18,Michelin,359049,5
206,18,Bridgestone,403931,4
207,18,Goodyear,359049,4
208,18,Pirelli,359049,4
209,18,Dunlop,314168,4
210,18,Yokohama,336609,5
211,18,Toyotires,314168,4
212,18,BFGoodrich,359049,3
213,18,Kumho,314168,3
214,18,Falken,314168,3
215,18,Nitto,314168,3
216,18,General Tire,314168,3
217,18,Cooper Tires,314168,3
218,18,Sumitomo  ,314168,3
219,19,Michelin,310299,5
220,19,Bridgestone,349087,4
221,19,Continental,271512,4
222,19,Dunlop,271512,4
223,19,Hankook,271512,4
224,19,Firestone,271512,4
225,19,Toyotires,271512,4
226,19,BFGoodrich,310299,3
227,19,Kumho,271512,3
228,19,Nitto,271512,3
229,19,Cooper Tires,271512,3
230,19,Maxxis,271512,3
231,19,Sumitomo  ,271512,3
232,20,Bridgestone,581906,4
233,20,Goodyear,517249,4
234,20,Pirelli,517249,4
235,20,Continental,452593,4
236,20,Dunlop,452593,4
237,20,Firestone,452593,4
238,20,Toyotires,452593,4
239,20,Cooper,452593,4
240,20,BFGoodrich,517249,3
241,20,Kumho,452593,3
242,20,General Tire,452593,3
243,20,Nexen,452593,3
244,20,Cooper Tires,452593,3
245,20,Maxxis,452593,3
246,21,Michelin,468499,5
247,21,Bridgestone,527062,4
248,21,Pirelli,468499,4
249,21,Continental,409937,4
250,21,Dunlop,409937,4
251,21,Yokohama,439218,5
252,21,Firestone,409937,4
253,21,Toyotires,409937,4
254,21,Cooper,409937,4
255,21,Falken,409937,3
256,21,General Tire,409937,3
257,21,Nexen,409937,3
258,21,Cooper Tires,409937,3
259,21,Maxxis,409937,3
260,22,Michelin,370999,5
261,22,Continental,324625,4
262,22,Yokohama,347812,5
263,22,Hankook,324625,4
264,22,Firestone,324625,4
265,22,Toyotires,324625,4
266,22,Cooper,324625,4
267,22,Nitto,324625,3
268,22,Nexen,324625,3
269,22,Cooper Tires,324625,3
270,22,Maxxis,324625,3
271,22,Sumitomo  ,324625,3
272,23,Michelin,419749,5
273,23,Bridgestone,472218,4
274,23,Pirelli,419749,4
275,23,Continental,367281,4
276,23,Dunlop,367281,4
277,23,Yokohama,393515,5
278,23,Firestone,367281,4
279,23,Toyotires,367281,4
280,23,Cooper,367281,4
281,23,Falken,367281,3
282,23,Nitto,367281,3
283,23,General Tire,367281,3
284,23,Nexen,367281,3
285,23,Cooper Tires,367281,3
286,24,Michelin,468499,5
287,24,Bridgestone,527062,4
288,24,Goodyear,468499,4
289,24,Pirelli,468499,4
290,24,Continental,409937,4
291,24,Yokohama,439218,5
292,24,Hankook,409937,4
293,24,Firestone,409937,4
294,24,Toyotires,409937,4
295,24,Cooper,409937,4
296,24,BFGoodrich,468499,3
297,24,Kumho,409937,3
298,24,General Tire,409937,3
299,24,Nexen,409937,3
300,24,Cooper Tires,409937,3
301,24,Maxxis,409937,3
302,25,Michelin,419749,5
303,25,Bridgestone,472218,4
304,25,Goodyear,419749,4
305,25,Pirelli,419749,4
306,25,Dunlop,367281,4
307,25,Yokohama,393515,5
308,25,Hankook,367281,4
309,25,Firestone,367281,4
310,25,Cooper,367281,4
311,25,BFGoodrich,419749,3
312,25,Falken,367281,3
313,25,General Tire,367281,3
314,26,Michelin,468499,5
315,26,Bridgestone,527062,4
316,26,Goodyear,468499,4
317,26,Pirelli,468499,4
318,26,Continental,409937,4
319,26,Dunlop,409937,4
320,26,Hankook,409937,4
321,26,Firestone,409937,4
322,26,Toyotires,409937,4
323,26,General Tire,409937,3
324,26,Nexen,409937,3
325,26,Cooper Tires,409937,3
326,26,Maxxis,409937,3
327,26,Sumitomo  ,409937,3
328,27,Michelin,370999,5
329,27,Bridgestone,417374,4
330,27,Goodyear,370999,4
331,27,Dunlop,324625,4
332,27,Hankook,324625,4
333,27,Firestone,324625,4
334,27,Toyotires,324625,4
335,27,Cooper,324625,4
336,27,BFGoodrich,370999,3
337,27,Nitto,324625,3
338,27,Nexen,324625,3
339,27,Cooper Tires,324625,3
340,27,Maxxis,324625,3
341,27,Sumitomo  ,324625,3
342,28,Michelin,419749,5
343,28,Bridgestone,472218,4
344,28,Dunlop,367281,4
345,28,Yokohama,393515,5
346,28,Hankook,367281,4
347,28,Firestone,367281,4
348,28,Toyotires,367281,4
349,28,BFGoodrich,419749,3
350,28,Falken,367281,3
351,28,General Tire,367281,3
352,28,Nexen,367281,3
353,28,Sumitomo  ,367281,3
354,29,Michelin,370999,5
355,29,Bridgestone,417374,4
356,29,Pirelli,370999,4
357,29,Yokohama,347812,5
358,29,Hankook,324625,4
359,29,Firestone,324625,4
360,29,Toyotires,324625,4
361,29,Kumho,324625,3
362,29,Nitto,324625,3
363,29,General Tire,324625,3
364,29,Nexen,324625,3
365,29,Cooper Tires,324625,3
366,30,Michelin,419749,5
367,30,Bridgestone,472218,4
368,30,Goodyear,419749,4
369,30,Pirelli,419749,4
370,30,Continental,367281,4
371,30,Yokohama,393515,5
372,30,Hankook,367281,4
373,30,Firestone,367281,4
374,30,Toyotires,367281,4
375,30,Cooper Tires,367281,3
376,30,Maxxis,367281,3
377,31,Michelin,517249,5
378,31,Bridgestone,581906,4
379,31,Goodyear,517249,4
380,31,Continental,452593,4
381,31,Dunlop,452593,4
382,31,Yokohama,484921,5
383,31,Firestone,452593,4
384,31,Toyotires,452593,4
385,31,BFGoodrich,517249,3
386,31,Falken,452593,3
387,31,Nitto,452593,3
388,31,Cooper Tires,452593,3
389,31,Sumitomo  ,452593,3
390,32,Michelin,529200,5
391,32,Bridgestone,595350,4
392,32,Pirelli,529200,4
393,32,Dunlop,463050,4
394,32,Yokohama,496125,5
395,32,Hankook,463050,4
396,32,Firestone,463050,4
397,32,Toyotires,463050,4
398,32,Cooper,463050,4
399,32,Kumho,463050,3
400,32,Falken,463050,3
401,32,General Tire,463050,3
402,33,Michelin,577950,5
403,33,Bridgestone,650194,4
404,33,Goodyear,577950,4
405,33,Continental,505707,4
406,33,Yokohama,541829,5
407,33,Hankook,505707,4
408,33,Firestone,505707,4
409,33,Toyotires,505707,4
410,33,Kumho,505707,3
411,33,Nexen,505707,3
412,33,Cooper Tires,505707,3
413,34,Michelin,431699,5
414,34,Bridgestone,485662,4
415,34,Goodyear,431699,4
416,34,Pirelli,431699,4
417,34,Continental,377737,4
418,34,Yokohama,404718,5
419,34,Hankook,377737,4
420,34,Toyotires,377737,4
421,34,Cooper,377737,4
422,34,BFGoodrich,431699,3
423,34,General Tire,377737,3
424,34,Cooper Tires,377737,3
425,35,Michelin,480449,5
426,35,Bridgestone,540506,4
427,35,Pirelli,480449,4
428,35,Continental,420393,4
429,35,Dunlop,420393,4
430,35,Yokohama,450421,5
431,35,Firestone,420393,4
432,35,Cooper,420393,4
433,35,BFGoodrich,480449,3
434,35,Kumho,420393,3
435,35,Cooper Tires,420393,3
436,35,Maxxis,420393,3
437,35,Sumitomo  ,420393,3
438,36,Michelin,529200,5
439,36,Bridgestone,595350,4
440,36,Goodyear,529200,4
441,36,Dunlop,463050,4
442,36,Yokohama,496125,5
443,36,Hankook,463050,4
444,36,Firestone,463050,4
445,36,Toyotires,463050,4
446,36,BFGoodrich,529200,3
447,36,Nitto,463050,3
448,36,Maxxis,463050,3
449,36,Sumitomo  ,463050,3
450,37,Michelin,480449,5
451,37,Bridgestone,540506,4
452,37,Pirelli,480449,4
453,37,Dunlop,420393,4
454,37,Yokohama,450421,5
455,37,Hankook,420393,4
456,37,Firestone,420393,4
457,37,Toyotires,420393,4
458,37,Falken,420393,3
459,37,General Tire,420393,3
460,38,Michelin,529200,5
461,38,Bridgestone,595350,4
462,38,Pirelli,529200,4
463,38,Hankook,463050,4
464,38,Firestone,463050,4
465,38,Toyotires,463050,4
466,38,Cooper,463050,4
467,38,Falken,463050,3
468,38,Nitto,463050,3
469,38,General Tire,463050,3
470,38,Cooper Tires,463050,3
471,38,Maxxis,463050,3
472,39,Michelin,431699,5
473,39,Bridgestone,485662,4
474,39,Goodyear,431699,4
475,39,Pirelli,431699,4
476,39,Continental,377737,4
477,39,Dunlop,377737,4
478,39,Hankook,377737,4
479,39,Firestone,377737,4
480,39,Toyotires,377737,4
481,39,Cooper,377737,4
482,39,Nitto,377737,3
483,39,Cooper Tires,377737,3
484,39,Sumitomo  ,377737,3
485,40,Michelin,480449,5
486,40,Goodyear,480449,4
487,40,Continental,420393,4
488,40,Dunlop,420393,4
489,40,Yokohama,450421,5
490,40,Firestone,420393,4
491,40,Toyotires,420393,4
492,40,Kumho,420393,3
493,40,General Tire,420393,3
494,40,Nexen,420393,3
495,41,Michelin,480449,5
496,41,Bridgestone,540506,4
497,41,Goodyear,480449,4
498,41,Pirelli,480449,4
499,41,Continental,420393,4
500,41,Yokohama,450421,5
501,41,Hankook,420393,4
502,41,Firestone,420393,4
503,41,Toyotires,420393,4
504,41,Cooper,420393,4
505,41,Kumho,420393,3
506,41,Falken,420393,3
507,41,Nitto,420393,3
508,41,General Tire,420393,3
509,41,Maxxis,420393,3
510,42,Michelin,529200,5
511,42,Bridgestone,595350,4
512,42,Goodyear,529200,4
513,42,Pirelli,529200,4
514,42,Continental,463050,4
515,42,Firestone,463050,4
516,42,Cooper,463050,4
517,42,BFGoodrich,529200,3
518,42,Kumho,463050,3
519,42,Nexen,463050,3
520,42,Cooper Tires,463050,3
521,43,Michelin,620439,5
522,43,Bridgestone,697994,4
523,43,Continental,542885,4
524,43,Dunlop,542885,4
525,43,Toyotires,542885,4
526,43,BFGoodrich,620439,3
527,43,Falken,542885,3
528,43,Maxxis,542885,3
529,44,Michelin,638649,5
530,44,Bridgestone,718481,4
531,44,Goodyear,638649,4
532,44,Pirelli,638649,4
533,44,Continental,558818,4
534,44,Dunlop,558818,4
535,44,Yokohama,598734,5
536,44,Hankook,558818,4
537,44,Firestone,558818,4
538,44,BFGoodrich,638649,3
539,44,Nitto,558818,3
540,44,Nexen,558818,3
541,45,Michelin,589899,5
542,45,Bridgestone,663637,4
543,45,Goodyear,589899,4
544,45,Pirelli,589899,4
545,45,Dunlop,516162,4
546,45,Yokohama,553031,5
547,45,Hankook,516162,4
548,45,Toyotires,516162,4
549,45,BFGoodrich,589899,3
550,45,Kumho,516162,3
551,45,General Tire,516162,3
552,45,Nexen,516162,3
553,45,Cooper Tires,516162,3
554,45,Maxxis,516162,3
555,46,Michelin,638649,5
556,46,Bridgestone,718481,4
557,46,Pirelli,638649,4
558,46,Hankook,558818,4
559,46,Firestone,558818,4
560,46,Toyotires,558818,4
561,46,Kumho,558818,3
562,46,Nitto,558818,3
563,46,General Tire,558818,3
564,46,Nexen,558818,3
565,46,Maxxis,558818,3
566,46,Sumitomo  ,558818,3
567,47,Michelin,833649,5
568,47,Bridgestone,937856,4
569,47,Pirelli,833649,4
570,47,Yokohama,781546,5
571,47,Firestone,729443,4
572,47,Kumho,729443,3
573,47,Nitto,729443,3
574,47,Nexen,729443,3
575,47,Cooper Tires,729443,3
576,47,Maxxis,729443,3
577,47,Sumitomo  ,729443,3
578,48,Michelin,589899,5
579,48,Bridgestone,663637,4
580,48,Goodyear,589899,4
581,48,Dunlop,516162,4
582,48,Yokohama,553031,5
583,48,Hankook,516162,4
584,48,Firestone,516162,4
585,48,Cooper,516162,4
586,48,BFGoodrich,589899,3
587,48,Nitto,516162,3
588,48,General Tire,516162,3
589,48,Cooper Tires,516162,3
590,48,Maxxis,516162,3
591,48,Sumitomo  ,516162,3
592,49,Michelin,638649,5
593,49,Bridgestone,718481,4
594,49,Pirelli,638649,4
595,49,Continental,558818,4
596,49,Yokohama,598734,5
597,49,Hankook,558818,4
598,49,Toyotires,558818,4
599,49,Cooper,558818,4
600,49,Kumho,558818,3
601,49,Falken,558818,3
602,49,General Tire,558818,3
603,49,Nexen,558818,3
604,49,Cooper Tires,558818,3
605,49,Sumitomo  ,558818,3
606,50,Michelin,687399,5
607,50,Bridgestone,773324,4
608,50,Goodyear,687399,4
609,50,Pirelli,687399,4
610,50,Continental,601475,4
611,50,Dunlop,601475,4
612,50,Toyotires,601475,4
613,50,Cooper,601475,4
614,50,General Tire,601475,3
615,51,Michelin,541149,5
616,51,Bridgestone,608793,4
617,51,Goodyear,541149,4
618,51,Pirelli,541149,4
619,51,Continental,473506,4
620,51,Yokohama,507328,5
621,51,Hankook,473506,4
622,51,Firestone,473506,4
623,51,BFGoodrich,541149,3
624,51,Falken,473506,3
625,51,Nitto,473506,3
626,51,General Tire,473506,3
627,51,Cooper Tires,473506,3
628,52,Michelin,589899,5
629,52,Bridgestone,663637,4
630,52,Pirelli,589899,4
631,52,Continental,516162,4
632,52,Dunlop,516162,4
633,52,Yokohama,553031,5
634,52,Hankook,516162,4
635,52,Firestone,516162,4
636,52,Toyotires,516162,4
637,52,Falken,516162,3
638,52,Nitto,516162,3
639,52,Nexen,516162,3
640,52,Maxxis,516162,3
641,53,Michelin,638649,5
642,53,Bridgestone,718481,4
643,53,Goodyear,638649,4
644,53,Continental,558818,4
645,53,Dunlop,558818,4
646,53,Yokohama,598734,5
647,53,Toyotires,558818,4
648,53,BFGoodrich,638649,3
649,53,Kumho,558818,3
650,53,General Tire,558818,3
651,53,Nexen,558818,3
652,53,Cooper Tires,558818,3
653,53,Sumitomo  ,558818,3
654,54,Michelin,589899,5
655,54,Bridgestone,663637,4
656,54,Goodyear,589899,4
657,54,Continental,516162,4
658,54,Yokohama,553031,5
659,54,Cooper,516162,4
660,54,Kumho,516162,3
661,54,Nitto,516162,3
662,54,Nexen,516162,3
663,54,Sumitomo  ,516162,3
664,55,Bridgestone,718481,4
665,55,Goodyear,638649,4
666,55,Pirelli,638649,4
667,55,Continental,558818,4
668,55,Dunlop,558818,4
669,55,Hankook,558818,4
670,55,Toyotires,558818,4
671,55,Cooper,558818,4
672,55,Nexen,558818,3
673,55,Maxxis,558818,3
674,56,Michelin,541149,5
675,56,Bridgestone,608793,4
676,56,Dunlop,473506,4
677,56,Yokohama,507328,5
678,56,BFGoodrich,541149,3
679,56,Nexen,473506,3
680,56,Cooper Tires,473506,3
681,56,Sumitomo  ,473506,3
682,57,Michelin,589899,5
683,57,Bridgestone,663637,4
684,57,Goodyear,589899,4
685,57,Pirelli,589899,4
686,57,Continental,516162,4
687,57,Dunlop,516162,4
688,57,Hankook,516162,4
689,57,Firestone,516162,4
690,57,Cooper,516162,4
691,57,Maxxis,516162,3
692,58,Michelin,541149,5
693,58,Bridgestone,608793,4
694,58,Pirelli,541149,4
695,58,Continental,473506,4
696,58,Dunlop,473506,4
697,58,Yokohama,507328,5
698,58,Hankook,473506,4
699,58,Firestone,473506,4
700,58,Toyotires,473506,4
701,58,BFGoodrich,541149,3
702,58,Kumho,473506,3
703,58,Nitto,473506,3
704,58,Nexen,473506,3
705,58,Cooper Tires,473506,3
706,58,Sumitomo  ,473506,3
707,59,Michelin,638649,5
708,59,Bridgestone,718481,4
709,59,Goodyear,638649,4
710,59,Pirelli,638649,4
711,59,Continental,558818,4
712,59,Dunlop,558818,4
713,59,Hankook,558818,4
714,59,Firestone,558818,4
715,59,Toyotires,558818,4
716,59,Cooper,558818,4
717,59,General Tire,558818,3
718,59,Nexen,558818,3
719,59,Maxxis,558818,3
720,60,Michelin,541149,5
721,60,Bridgestone,608793,4
722,60,Toyotires,473506,4
723,60,Falken,473506,3
724,61,Michelin,589899,5
725,61,Bridgestone,663637,4
726,61,Goodyear,589899,4
727,61,Pirelli,589899,4
728,61,Continental,516162,4
729,61,Yokohama,553031,5
730,61,Toyotires,516162,4
731,61,Cooper,516162,4
732,61,Kumho,516162,3
733,61,Falken,516162,3
734,61,General Tire,516162,3
735,61,Maxxis,516162,3
736,62,Michelin,748100,5
737,62,Bridgestone,841613,4
738,62,Goodyear,748100,4
739,62,Dunlop,654588,4
740,62,Yokohama,701344,5
741,62,Hankook,654588,4
742,62,Firestone,654588,4
743,62,Toyotires,654588,4
744,62,BFGoodrich,748100,3
745,62,Kumho,654588,3
746,62,Falken,654588,3
747,62,Nexen,654588,3
748,62,Cooper Tires,654588,3
749,62,Maxxis,654588,3
750,63,Michelin,796850,5
751,63,Bridgestone,896457,4
752,63,Goodyear,796850,4
753,63,Dunlop,697244,4
754,63,Hankook,697244,4
755,63,Cooper,697244,4
756,63,BFGoodrich,796850,3
757,63,Kumho,697244,3
758,63,Falken,697244,3
759,63,Nitto,697244,3
760,63,Cooper Tires,697244,3
761,63,Maxxis,697244,3
762,64,Michelin,699350,5
763,64,Bridgestone,786769,4
764,64,Pirelli,699350,4
765,64,Continental,611932,4
766,64,Dunlop,611932,4
767,64,Yokohama,655641,5
768,64,Hankook,611932,4
769,64,Cooper,611932,4
770,64,BFGoodrich,699350,3
771,64,Falken,611932,3
772,64,Nitto,611932,3
773,64,General Tire,611932,3
774,64,Sumitomo  ,611932,3
775,65,Michelin,748100,5
776,65,Bridgestone,841613,4
777,65,Goodyear,748100,4
778,65,Pirelli,748100,4
779,65,Continental,654588,4
780,65,Dunlop,654588,4
781,65,Yokohama,701344,5
782,65,Hankook,654588,4
783,65,Firestone,654588,4
784,65,Toyotires,654588,4
785,65,Falken,654588,3
786,65,General Tire,654588,3
787,65,Maxxis,654588,3
788,65,Sumitomo  ,654588,3
789,66,Michelin,650600,5
790,66,Bridgestone,731925,4
791,66,Continental,569275,4
792,66,Dunlop,569275,4
793,66,Toyotires,569275,4
794,66,Kumho,569275,3
795,66,Nitto,569275,3
796,66,Nexen,569275,3
797,66,Cooper Tires,569275,3
798,66,Maxxis,569275,3
799,66,Sumitomo  ,569275,3
800,67,Michelin,699350,5
801,67,Bridgestone,786769,4
802,67,Continental,611932,4
803,67,Dunlop,611932,4
804,67,Toyotires,611932,4
805,67,Falken,611932,3
806,67,Cooper Tires,611932,3
807,68,Michelin,748100,5
808,68,Bridgestone,841613,4
809,68,Goodyear,748100,4
810,68,Continental,654588,4
811,68,Dunlop,654588,4
812,68,Yokohama,701344,5
813,68,Hankook,654588,4
814,68,Toyotires,654588,4
815,68,Kumho,654588,3
816,68,General Tire,654588,3
817,68,Cooper Tires,654588,3
818,68,Sumitomo  ,654588,3
819,69,Michelin,650600,5
820,69,Bridgestone,731925,4
821,69,Goodyear,650600,4
822,69,Continental,569275,4
823,69,Dunlop,569275,4
824,69,Hankook,569275,4
825,69,Firestone,569275,4
826,69,Toyotires,569275,4
827,69,BFGoodrich,650600,3
828,69,Kumho,569275,3
829,69,Falken,569275,3
830,69,Nexen,569275,3
831,69,Sumitomo  ,569275,3
832,70,Michelin,699350,5
833,70,Bridgestone,786769,4
834,70,Continental,611932,4
835,70,Dunlop,611932,4
836,70,Hankook,611932,4
837,70,Firestone,611932,4
838,70,Toyotires,611932,4
839,70,Cooper,611932,4
840,70,Kumho,611932,3
841,70,Falken,611932,3
842,70,General Tire,611932,3
843,70,Nexen,611932,3
844,70,Maxxis,611932,3
845,71,Michelin,748100,5
846,71,Bridgestone,841613,4
847,71,Pirelli,748100,4
848,71,Continental,654588,4
849,71,Dunlop,654588,4
850,71,Yokohama,701344,5
851,71,Firestone,654588,4
852,71,BFGoodrich,748100,3
853,71,Kumho,654588,3
854,71,General Tire,654588,3
855,71,Cooper Tires,654588,3
856,71,Maxxis,654588,3
857,71,Sumitomo  ,654588,3
858,72,Michelin,650600,5
859,72,Bridgestone,731925,4
860,72,Goodyear,650600,4
861,72,Pirelli,650600,4
862,72,Continental,569275,4
863,72,Dunlop,569275,4
864,72,Yokohama,609938,5
865,72,Hankook,569275,4
866,72,Toyotires,569275,4
867,72,Cooper,569275,4
868,72,Kumho,569275,3
869,72,Falken,569275,3
870,72,Nitto,569275,3
871,72,General Tire,569275,3
872,72,Nexen,569275,3
873,72,Cooper Tires,569275,3
874,73,Michelin,699350,5
875,73,Bridgestone,786769,4
876,73,Goodyear,699350,4
877,73,Continental,611932,4
878,73,Dunlop,611932,4
879,73,Yokohama,655641,5
880,73,Firestone,611932,4
881,73,Cooper,611932,4
882,73,BFGoodrich,699350,3
883,73,Falken,611932,3
884,73,Nexen,611932,3
885,73,Maxxis,611932,3
886,73,Sumitomo  ,611932,3
887,74,Michelin,650600,5
888,74,Bridgestone,731925,4
889,74,Goodyear,650600,4
890,74,Pirelli,650600,4
891,74,Continental,569275,4
892,74,Yokohama,609938,5
893,74,Hankook,569275,4
894,74,Firestone,569275,4
895,74,Falken,569275,3
896,74,General Tire,569275,3
897,75,Michelin,699350,5
898,75,Bridgestone,786769,4
899,75,Goodyear,699350,4
900,75,Continental,611932,4
901,75,Dunlop,611932,4
902,75,Hankook,611932,4
903,75,Firestone,611932,4
904,75,Cooper,611932,4
905,75,General Tire,611932,3
906,75,Nexen,611932,3
907,75,Maxxis,611932,3
908,75,Sumitomo  ,611932,3
909,76,Michelin,650600,5
910,76,Bridgestone,731925,4
911,76,Goodyear,650600,4
912,76,Dunlop,569275,4
913,76,Yokohama,609938,5
914,76,Hankook,569275,4
915,76,BFGoodrich,650600,3
916,76,Falken,569275,3
917,76,Nitto,569275,3
918,76,General Tire,569275,3
919,76,Cooper Tires,569275,3
920,77,Michelin,699350,5
921,77,Bridgestone,786769,4
922,77,Goodyear,699350,4
923,77,Dunlop,611932,4
924,77,Yokohama,655641,5
925,77,Firestone,611932,4
926,77,Toyotires,611932,4
927,77,Cooper,611932,4
928,77,Nitto,611932,3
929,77,General Tire,611932,3
930,77,Nexen,611932,3
931,77,Maxxis,611932,3
932,77,Sumitomo  ,611932,3
933,78,Michelin,650600,5
934,78,Bridgestone,731925,4
935,78,Pirelli,650600,4
936,78,Dunlop,569275,4
937,78,Firestone,569275,4
938,78,Toyotires,569275,4
939,78,Cooper,569275,4
940,78,BFGoodrich,650600,3
941,78,Nitto,569275,3
942,78,Nexen,569275,3
943,78,Maxxis,569275,3
944,78,Sumitomo  ,569275,3
945,79,Michelin,699350,5
946,79,Bridgestone,786769,4
947,79,Goodyear,699350,4
948,79,Pirelli,699350,4
949,79,Continental,611932,4
950,79,Dunlop,611932,4
951,79,Yokohama,655641,5
952,79,Firestone,611932,4
953,79,Kumho,611932,3
954,79,Falken,611932,3
955,79,Nitto,611932,3
956,79,General Tire,611932,3
957,79,Nexen,611932,3
958,79,Maxxis,611932,3
959,80,Michelin,699350,5
960,80,Bridgestone,786769,4
961,80,Goodyear,699350,4
962,80,Pirelli,699350,4
963,80,Continental,611932,4
964,80,Hankook,611932,4
965,80,Cooper,611932,4
966,80,BFGoodrich,699350,3
967,80,General Tire,611932,3
968,80,Cooper Tires,611932,3
969,80,Sumitomo  ,611932,3
970,81,Michelin,760050,5
971,81,Bridgestone,855057,4
972,81,Goodyear,760050,4
973,81,Continental,665044,4
974,81,Dunlop,665044,4
975,81,Firestone,665044,4
976,81,Toyotires,665044,4
977,81,Cooper,665044,4
978,81,Nitto,665044,3
979,81,Nexen,665044,3
980,81,Maxxis,665044,3
981,82,Bridgestone,964744,4
982,82,Goodyear,857550,4
983,82,Continental,750357,4
984,82,Dunlop,750357,4
985,82,Yokohama,803954,5
986,82,Hankook,750357,4
987,82,Toyotires,750357,4
988,82,Cooper,750357,4
989,82,BFGoodrich,857550,3
990,82,Kumho,750357,3
991,82,Nitto,750357,3
992,82,General Tire,750357,3
993,82,Nexen,750357,3
994,82,Cooper Tires,750357,3
995,82,Maxxis,750357,3
996,82,Sumitomo  ,750357,3
997,83,Michelin,760050,5
998,83,Bridgestone,855057,4
999,83,Goodyear,760050,4
1000,83,Pirelli,760050,4
1001,83,Continental,665044,4
1002,83,Dunlop,665044,4
1003,83,Yokohama,712547,5
1004,83,BFGoodrich,760050,3
1005,83,Kumho,665044,3
1006,83,Cooper Tires,665044,3
1007,84,Michelin,808800,5
1008,84,Bridgestone,909900,4
1009,84,Continental,707700,4
1010,84,Dunlop,707700,4
1011,84,Yokohama,758250,5
1012,84,Hankook,707700,4
1013,84,Firestone,707700,4
1014,84,BFGoodrich,808800,3
1015,84,Falken,707700,3
1016,84,Nitto,707700,3
1017,85,Michelin,857550,5
1018,85,Bridgestone,964744,4
1019,85,Goodyear,857550,4
1020,85,Pirelli,857550,4
1021,85,Continental,750357,4
1022,85,Hankook,750357,4
1023,85,Firestone,750357,4
1024,85,Toyotires,750357,4
1025,85,Kumho,750357,3
1026,85,Falken,750357,3
1027,85,Nitto,750357,3
1028,85,General Tire,750357,3
1029,85,Cooper Tires,750357,3
1030,85,Maxxis,750357,3
1031,86,Michelin,955050,5
1032,86,Bridgestone,1074432,4
1033,86,Pirelli,955050,4
1034,86,Continental,835669,4
1035,86,Yokohama,895360,5
1036,86,Hankook,835669,4
1037,86,Firestone,835669,4
1038,86,Toyotires,835669,4
1039,86,BFGoodrich,955050,3
1040,86,Nitto,835669,3
1041,86,General Tire,835669,3
1042,86,Sumitomo  ,835669,3
1043,87,Michelin,808800,5
1044,87,Bridgestone,909900,4
1045,87,Goodyear,808800,4
1046,87,Pirelli,808800,4
1047,87,Continental,707700,4
1048,87,Dunlop,707700,4
1049,87,Hankook,707700,4
1050,87,BFGoodrich,808800,3
1051,87,Kumho,707700,3
1052,87,Falken,707700,3
1053,87,Nitto,707700,3
1054,87,General Tire,707700,3
1055,88,Bridgestone,800213,4
1056,88,Goodyear,711300,4
1057,88,Continental,622388,4
1058,88,Dunlop,622388,4
1059,88,Yokohama,666844,5
1060,88,Firestone,622388,4
1061,88,Toyotires,622388,4
1062,88,Cooper,622388,4
1063,88,BFGoodrich,711300,3
1064,88,Falken,622388,3
1065,88,Nitto,622388,3
1066,88,General Tire,622388,3
1067,89,Michelin,760050,5
1068,89,Bridgestone,855057,4
1069,89,Pirelli,760050,4
1070,89,Continental,665044,4
1071,89,Hankook,665044,4
1072,89,Firestone,665044,4
1073,89,Cooper,665044,4
1074,89,BFGoodrich,760050,3
1075,89,Kumho,665044,3
1076,89,General Tire,665044,3
1077,89,Nexen,665044,3
1078,89,Cooper Tires,665044,3
1079,89,Maxxis,665044,3
1080,89,Sumitomo  ,665044,3
1081,90,Michelin,808800,5
1082,90,Bridgestone,909900,4
1083,90,Goodyear,808800,4
1084,90,Pirelli,808800,4
1085,90,Continental,707700,4
1086,90,Yokohama,758250,5
1087,90,Hankook,707700,4
1088,90,Toyotires,707700,4
1089,90,Cooper,707700,4
1090,90,General Tire,707700,3
1091,90,Nexen,707700,3
1092,90,Sumitomo  ,707700,3
1093,91,Michelin,857550,5
1094,91,Bridgestone,964744,4
1095,91,Pirelli,857550,4
1096,91,Firestone,750357,4
1097,91,Toyotires,750357,4
1098,91,BFGoodrich,857550,3
1099,91,Kumho,750357,3
1100,91,Falken,750357,3
1101,91,Nitto,750357,3
1102,91,Maxxis,750357,3
1103,91,Sumitomo  ,750357,3
1104,92,Michelin,711300,5
1105,92,Bridgestone,800213,4
1106,92,Pirelli,711300,4
1107,92,Dunlop,622388,4
1108,92,Yokohama,666844,5
1109,92,Firestone,622388,4
1110,92,Cooper,622388,4
1111,92,BFGoodrich,711300,3
1112,92,Falken,622388,3
1113,92,Nexen,622388,3
1114,92,Cooper Tires,622388,3
1115,93,Michelin,760050,5
1116,93,Bridgestone,855057,4
1117,93,Goodyear,760050,4
1118,93,Dunlop,665044,4
1119,93,Hankook,665044,4
1120,93,Toyotires,665044,4
1121,93,BFGoodrich,760050,3
1122,93,Cooper Tires,665044,3
1123,93,Maxxis,665044,3
1124,94,Michelin,808800,5
1125,94,Bridgestone,909900,4
1126,94,Pirelli,808800,4
1127,94,Continental,707700,4
1128,94,Hankook,707700,4
1129,94,Toyotires,707700,4
1130,94,Falken,707700,3
1131,94,Cooper Tires,707700,3
1132,94,Sumitomo  ,707700,3
1133,95,Michelin,711300,5
1134,95,Bridgestone,800213,4
1135,95,Goodyear,711300,4
1136,95,Pirelli,711300,4
1137,95,Continental,622388,4
1138,95,Dunlop,622388,4
1139,95,Yokohama,666844,5
1140,95,Hankook,622388,4
1141,95,Firestone,622388,4
1142,95,Toyotires,622388,4
1143,95,BFGoodrich,711300,3
1144,95,Kumho,622388,3
1145,95,Nitto,622388,3
1146,95,General Tire,622388,3
1147,96,Michelin,760050,5
1148,96,Bridgestone,855057,4
1149,96,Continental,665044,4
1150,96,Dunlop,665044,4
1151,96,Yokohama,712547,5
1152,96,Hankook,665044,4
1153,96,Firestone,665044,4
1154,96,Toyotires,665044,4
1155,96,Cooper,665044,4
1156,96,BFGoodrich,760050,3
1157,96,Falken,665044,3
1158,96,Sumitomo  ,665044,3
1159,97,Michelin,808800,5
1160,97,Bridgestone,909900,4
1161,97,Pirelli,808800,4
1162,97,Dunlop,707700,4
1163,97,Yokohama,758250,5
1164,97,Firestone,707700,4
1165,97,Toyotires,707700,4
1166,97,Cooper,707700,4
1167,97,BFGoodrich,808800,3
1168,97,Falken,707700,3
1169,97,Nexen,707700,3
1170,97,Maxxis,707700,3
1171,98,Michelin,662550,5
1172,98,Bridgestone,745369,4
1173,98,Goodyear,662550,4
1174,98,Continental,579732,4
1175,98,Dunlop,579732,4
1176,98,Yokohama,621141,5
1177,98,Hankook,579732,4
1178,98,Toyotires,579732,4
1179,98,BFGoodrich,662550,3
1180,98,Kumho,579732,3
1181,98,Nitto,579732,3
1182,98,Cooper Tires,579732,3
1183,98,Maxxis,579732,3
1184,98,Sumitomo  ,579732,3
1185,99,Michelin,711300,5
1186,99,Bridgestone,800213,4
1187,99,Dunlop,622388,4
1188,99,Yokohama,666844,5
1189,99,Firestone,622388,4
1190,99,Toyotires,622388,4
1191,99,Cooper,622388,4
1192,99,Falken,622388,3
1193,99,Nitto,622388,3
1194,99,Nexen,622388,3
1195,99,Maxxis,622388,3
1196,99,Sumitomo  ,622388,3
1197,100,Michelin,760050,5
1198,100,Bridgestone,855057,4
1199,100,Goodyear,760050,4
1200,100,Pirelli,760050,4
1201,100,Continental,665044,4
1202,100,Hankook,665044,4
1203,100,Toyotires,665044,4
1204,100,BFGoodrich,760050,3
1205,100,Falken,665044,3
1206,100,Cooper Tires,665044,3
1207,100,Sumitomo  ,665044,3
1208,101,Michelin,662550,5
1209,101,Bridgestone,745369,4
1210,101,Pirelli,662550,4
1211,101,Dunlop,579732,4
1212,101,Firestone,579732,4
1213,101,Nitto,579732,3
1214,101,General Tire,579732,3
1215,101,Cooper Tires,579732,3
1216,101,Maxxis,579732,3
1217,101,Sumitomo  ,579732,3
1218,102,Michelin,711300,5
1219,102,Goodyear,711300,4
1220,102,Pirelli,711300,4
1221,102,Yokohama,666844,5
1222,102,Firestone,622388,4
1223,102,BFGoodrich,711300,3
1224,102,Kumho,622388,3
1225,102,Falken,622388,3
1226,102,Nitto,622388,3
1227,102,Nexen,622388,3
1228,102,Cooper Tires,622388,3
1229,102,Sumitomo  ,622388,3
1230,103,Michelin,760050,5
1231,103,Bridgestone,855057,4
1232,103,Goodyear,760050,4
1233,103,Pirelli,760050,4
1234,103,Yokohama,712547,5
1235,103,Toyotires,665044,4
1236,103,Cooper,665044,4
1237,103,Kumho,665044,3
1238,103,Falken,665044,3
1239,103,General Tire,665044,3
1240,103,Cooper Tires,665044,3
1241,103,Maxxis,665044,3
1242,104,Michelin,711300,5
1243,104,Bridgestone,800213,4
1244,104,Continental,622388,4
1245,104,Yokohama,666844,5
1246,104,Hankook,622388,4
1247,104,Firestone,622388,4
1248,104,Toyotires,622388,4
1249,104,Kumho,622388,3
1250,104,Cooper Tires,622388,3
1251,104,Maxxis,622388,3
1252,104,Sumitomo  ,622388,3
1253,105,Michelin,760050,5
1254,105,Bridgestone,855057,4
1255,105,Goodyear,760050,4
1256,105,Pirelli,760050,4
1257,105,Continental,665044,4
1258,105,Dunlop,665044,4
1259,105,Firestone,665044,4
1260,105,Toyotires,665044,4
1261,105,Falken,665044,3
1262,105,Nitto,665044,3
1263,105,Nexen,665044,3
1264,105,Cooper Tires,665044,3
1265,105,Maxxis,665044,3
1266,106,Michelin,869499,5
1267,106,Bridgestone,978187,4
1268,106,Goodyear,869499,4
1269,106,Continental,760812,4
1270,106,Hankook,760812,4
1271,106,Firestone,760812,4
1272,106,Toyotires,760812,4
1273,106,Kumho,760812,3
1274,106,Falken,760812,3
1275,106,Nitto,760812,3
1276,106,Cooper Tires,760812,3
1277,106,Sumitomo  ,760812,3
1278,107,Michelin,966999,5
1279,107,Bridgestone,1087874,4
1280,107,Goodyear,966999,4
1281,107,Yokohama,906562,5
1282,107,Kumho,846125,3
1283,107,Falken,846125,3
1284,107,Cooper Tires,846125,3
1285,108,Michelin,918249,5
1286,108,Bridgestone,1033031,4
1287,108,Goodyear,918249,4
1288,108,Dunlop,803468,4
1289,108,Hankook,803468,4
1290,108,Firestone,803468,4
1291,108,Toyotires,803468,4
1292,108,BFGoodrich,918249,3
1293,108,Kumho,803468,3
1294,108,Nexen,803468,3
1295,108,Cooper Tires,803468,3
1296,108,Maxxis,803468,3
1297,109,Michelin,966999,5
1298,109,Bridgestone,1087874,4
1299,109,Goodyear,966999,4
1300,109,Continental,846125,4
1301,109,Hankook,846125,4
1302,109,Firestone,846125,4
1303,109,Cooper,846125,4
1304,109,BFGoodrich,966999,3
1305,109,Falken,846125,3
1306,109,Nitto,846125,3
1307,109,General Tire,846125,3
1308,109,Sumitomo  ,846125,3
1309,110,Michelin,869499,5
1310,110,Bridgestone,978187,4
1311,110,Goodyear,869499,4
1312,110,Pirelli,869499,4
1313,110,Continental,760812,4
1314,110,Dunlop,760812,4
1315,110,Hankook,760812,4
1316,110,Firestone,760812,4
1317,110,Cooper,760812,4
1318,110,BFGoodrich,869499,3
1319,110,Nexen,760812,3
1320,111,Michelin,918249,5
1321,111,Bridgestone,1033031,4
1322,111,Goodyear,918249,4
1323,111,Continental,803468,4
1324,111,Dunlop,803468,4
1325,111,Yokohama,860859,5
1326,111,Hankook,803468,4
1327,111,Firestone,803468,4
1328,111,Toyotires,803468,4
1329,111,Cooper,803468,4
1330,111,BFGoodrich,918249,3
1331,111,Kumho,803468,3
1332,111,Nitto,803468,3
1333,111,General Tire,803468,3
1334,111,Nexen,803468,3
1335,112,Michelin,966999,5
1336,112,Bridgestone,1087874,4
1337,112,Goodyear,966999,4
1338,112,Continental,846125,4
1339,112,Dunlop,846125,4
1340,112,Yokohama,906562,5
1341,112,Hankook,846125,4
1342,112,Firestone,846125,4
1343,112,Cooper,846125,4
1344,112,BFGoodrich,966999,3
1345,112,Falken,846125,3
1346,112,General Tire,846125,3
1347,113,Michelin,820749,5
1348,113,Bridgestone,923343,4
1349,113,Goodyear,820749,4
1350,113,Pirelli,820749,4
1351,113,Yokohama,769453,5
1352,113,Hankook,718156,4
1353,113,Firestone,718156,4
1354,113,Toyotires,718156,4
1355,113,Cooper,718156,4
1356,113,BFGoodrich,820749,3
1357,113,Falken,718156,3
1358,113,Cooper Tires,718156,3
1359,113,Maxxis,718156,3
1360,113,Sumitomo  ,718156,3
1361,114,Michelin,869499,5
1362,114,Bridgestone,978187,4
1363,114,Pirelli,869499,4
1364,114,Continental,760812,4
1365,114,Dunlop,760812,4
1366,114,Yokohama,815156,5
1367,114,Hankook,760812,4
1368,114,Firestone,760812,4
1369,114,Toyotires,760812,4
1370,114,Falken,760812,3
1371,114,General Tire,760812,3
1372,114,Maxxis,760812,3
1373,114,Sumitomo  ,760812,3
1374,115,Michelin,918249,5
1375,115,Bridgestone,1033031,4
1376,115,Goodyear,918249,4
1377,115,Pirelli,918249,4
1378,115,Continental,803468,4
1379,115,Dunlop,803468,4
1380,115,Yokohama,860859,5
1381,115,Toyotires,803468,4
1382,115,BFGoodrich,918249,3
1383,115,Falken,803468,3
1384,115,General Tire,803468,3
1385,115,Cooper Tires,803468,3
1386,116,Bridgestone,868499,4
1387,116,Pirelli,771999,4
1388,116,Continental,675500,4
1389,116,Yokohama,723750,5
1390,116,Hankook,675500,4
1391,116,Firestone,675500,4
1392,116,Cooper,675500,4
1393,116,BFGoodrich,771999,3
1394,116,Kumho,675500,3
1395,116,Nexen,675500,3
1396,116,Maxxis,675500,3
1397,117,Michelin,820749,5
1398,117,Bridgestone,923343,4
1399,117,Dunlop,718156,4
1400,117,Firestone,718156,4
1401,117,BFGoodrich,820749,3
1402,117,Kumho,718156,3
1403,117,Falken,718156,3
1404,117,Nitto,718156,3
1405,117,General Tire,718156,3
1406,117,Cooper Tires,718156,3
1407,118,Michelin,869499,5
1408,118,Bridgestone,978187,4
1409,118,Goodyear,869499,4
1410,118,Pirelli,869499,4
1411,118,Continental,760812,4
1412,118,Dunlop,760812,4
1413,118,Yokohama,815156,5
1414,118,Hankook,760812,4
1415,118,Firestone,760812,4
1416,118,Cooper,760812,4
1417,118,BFGoodrich,869499,3
1418,118,Kumho,760812,3
1419,118,Falken,760812,3
1420,118,General Tire,760812,3
1421,118,Nexen,760812,3
1422,118,Cooper Tires,760812,3
1423,118,Maxxis,760812,3
1424,118,Sumitomo  ,760812,3
1425,119,Michelin,918249,5
1426,119,Bridgestone,1033031,4
1427,119,Goodyear,918249,4
1428,119,Continental,803468,4
1429,119,Dunlop,803468,4
1430,119,Yokohama,860859,5
1431,119,Hankook,803468,4
1432,119,Firestone,803468,4
1433,119,Cooper,803468,4
1434,119,Kumho,803468,3
1435,119,Falken,803468,3
1436,119,Nitto,803468,3
1437,119,Maxxis,803468,3
1438,120,Michelin,966999,5
1439,120,Bridgestone,1087874,4
1440,120,Pirelli,966999,4
1441,120,Continental,846125,4
1442,120,Dunlop,846125,4
1443,120,Hankook,846125,4
1444,120,Toyotires,846125,4
1445,120,Cooper,846125,4
1446,120,Nitto,846125,3
1447,120,Cooper Tires,846125,3
1448,121,Michelin,771999,5
1449,121,Bridgestone,868499,4
1450,121,Pirelli,771999,4
1451,121,Continental,675500,4
1452,121,Dunlop,675500,4
1453,121,Toyotires,675500,4
1454,121,BFGoodrich,771999,3
1455,121,Kumho,675500,3
1456,121,Nitto,675500,3
1457,121,General Tire,675500,3
1458,121,Sumitomo  ,675500,3
1459,122,Michelin,820749,5
1460,122,Bridgestone,923343,4
1461,122,Goodyear,820749,4
1462,122,Pirelli,820749,4
1463,122,Hankook,718156,4
1464,122,Cooper,718156,4
1465,122,BFGoodrich,820749,3
1466,122,Kumho,718156,3
1467,122,Nexen,718156,3
1468,122,Cooper Tires,718156,3
1469,122,Sumitomo  ,718156,3
1470,123,Michelin,869499,5
1471,123,Bridgestone,978187,4
1472,123,Goodyear,869499,4
1473,123,Firestone,760812,4
1474,123,Toyotires,760812,4
1475,123,Cooper,760812,4
1476,123,Falken,760812,3
1477,123,Nitto,760812,3
1478,123,General Tire,760812,3
1479,123,Nexen,760812,3
1480,123,Cooper Tires,760812,3
1481,123,Maxxis,760812,3
1482,123,Sumitomo  ,760812,3
1483,124,Michelin,918249,5
1484,124,Bridgestone,1033031,4
1485,124,Goodyear,918249,4
1486,124,Continental,803468,4
1487,124,Dunlop,803468,4
1488,124,Yokohama,860859,5
1489,124,Hankook,803468,4
1490,124,Firestone,803468,4
1491,124,Toyotires,803468,4
1492,124,BFGoodrich,918249,3
1493,124,Nitto,803468,3
1494,124,General Tire,803468,3
1495,124,Cooper Tires,803468,3
1496,124,Sumitomo  ,803468,3
1497,125,Michelin,820749,5
1498,125,Bridgestone,923343,4
1499,125,Goodyear,820749,4
1500,125,Pirelli,820749,4
1501,125,Continental,718156,4
1502,125,Hankook,718156,4
1503,125,Firestone,718156,4
1504,125,Toyotires,718156,4
1505,125,Falken,718156,3
1506,125,Nexen,718156,3
1507,126,Michelin,869499,5
1508,126,Bridgestone,978187,4
1509,126,Goodyear,869499,4
1510,126,Pirelli,869499,4
1511,126,Dunlop,760812,4
1512,126,Hankook,760812,4
1513,126,BFGoodrich,869499,3
1514,126,Kumho,760812,3
1515,126,Nitto,760812,3
1516,126,General Tire,760812,3
1517,126,Nexen,760812,3
1518,126,Sumitomo  ,760812,3
1519,127,Michelin,918249,5
1520,127,Bridgestone,1033031,4
1521,127,Pirelli,918249,4
1522,127,Continental,803468,4
1523,127,Cooper,803468,4
1524,127,Falken,803468,3
1525,127,Nitto,803468,3
1526,127,General Tire,803468,3
1527,127,Nexen,803468,3
1528,127,Maxxis,803468,3
1529,128,Michelin,771999,5
1530,128,Bridgestone,868499,4
1531,128,Goodyear,771999,4
1532,128,Continental,675500,4
1533,128,Dunlop,675500,4
1534,128,Yokohama,723750,5
1535,128,Cooper,675500,4
1536,128,Falken,675500,3
1537,128,Nitto,675500,3
1538,128,General Tire,675500,3
1539,128,Maxxis,675500,3
1540,128,Sumitomo  ,675500,3
1541,129,Michelin,820749,5
1542,129,Bridgestone,923343,4
1543,129,Pirelli,820749,4
1544,129,Continental,718156,4
1545,129,Dunlop,718156,4
1546,129,Yokohama,769453,5
1547,129,Hankook,718156,4
1548,129,Firestone,718156,4
1549,129,Toyotires,718156,4
1550,129,Cooper,718156,4
1551,129,BFGoodrich,820749,3
1552,129,Kumho,718156,3
1553,129,Falken,718156,3
1554,129,Nitto,718156,3
1555,129,General Tire,718156,3
1556,129,Nexen,718156,3
1557,129,Cooper Tires,718156,3
1558,129,Maxxis,718156,3
1559,129,Sumitomo  ,718156,3
1560,130,Michelin,869499,5
1561,130,Bridgestone,978187,4
1562,130,Goodyear,869499,4
1563,130,Pirelli,869499,4
1564,130,Dunlop,760812,4
1565,130,Yokohama,815156,5
1566,130,Firestone,760812,4
1567,130,Toyotires,760812,4
1568,130,BFGoodrich,869499,3
1569,130,Falken,760812,3
1570,130,Cooper Tires,760812,3
1571,130,Maxxis,760812,3
1572,130,Sumitomo  ,760812,3
1573,131,Michelin,771999,5
1574,131,Bridgestone,868499,4
1575,131,Goodyear,771999,4
1576,131,Pirelli,771999,4
1577,131,Continental,675500,4
1578,131,Dunlop,675500,4
1579,131,Yokohama,723750,5
1580,131,Hankook,675500,4
1581,131,Firestone,675500,4
1582,131,Cooper,675500,4
1583,131,BFGoodrich,771999,3
1584,131,Nitto,675500,3
1585,131,General Tire,675500,3
1586,131,Nexen,675500,3
1587,132,Michelin,820749,5
1588,132,Bridgestone,923343,4
1589,132,Goodyear,820749,4
1590,132,Pirelli,820749,4
1591,132,Yokohama,769453,5
1592,132,Hankook,718156,4
1593,132,Toyotires,718156,4
1594,132,Cooper,718156,4
1595,132,BFGoodrich,820749,3
1596,132,Kumho,718156,3
1597,132,Nitto,718156,3
1598,132,General Tire,718156,3
1599,133,Michelin,978950,5
1600,133,Bridgestone,1101319,4
1601,133,Pirelli,978950,4
1602,133,Continental,856582,4
1603,133,Yokohama,917766,5
1604,133,Cooper,856582,4
1605,133,Kumho,856582,3
1606,133,Nitto,856582,3
1607,133,Cooper Tires,856582,3
1608,133,Maxxis,856582,3
1609,134,Michelin,1027700,5
1610,134,Bridgestone,1156163,4
1611,134,Goodyear,1027700,4
1612,134,Pirelli,1027700,4
1613,134,Continental,899238,4
1614,134,Firestone,899238,4
1615,134,Toyotires,899238,4
1616,134,Cooper,899238,4
1617,134,Kumho,899238,3
1618,134,Nitto,899238,3
1619,134,General Tire,899238,3
1620,134,Nexen,899238,3
1621,134,Maxxis,899238,3
1622,134,Sumitomo  ,899238,3
1623,135,Michelin,1076450,5
1624,135,Bridgestone,1211007,4
1625,135,Goodyear,1076450,4
1626,135,Pirelli,1076450,4
1627,135,Dunlop,941894,4
1628,135,Hankook,941894,4
1629,135,BFGoodrich,1076450,3
1630,135,Kumho,941894,3
1631,135,Nexen,941894,3
1632,135,Maxxis,941894,3
1633,136,Michelin,930200,5
1634,136,Bridgestone,1046475,4
1635,136,Pirelli,930200,4
1636,136,Continental,813925,4
1637,136,Yokohama,872063,5
1638,136,Hankook,813925,4
1639,136,Firestone,813925,4
1640,136,Toyotires,813925,4
1641,136,Cooper,813925,4
1642,136,Falken,813925,3
1643,136,Nitto,813925,3
1644,136,General Tire,813925,3
1645,136,Cooper Tires,813925,3
1646,136,Sumitomo  ,813925,3
1647,137,Michelin,978950,5
1648,137,Bridgestone,1101319,4
1649,137,Pirelli,978950,4
1650,137,Continental,856582,4
1651,137,Dunlop,856582,4
1652,137,Hankook,856582,4
1653,137,Toyotires,856582,4
1654,137,Kumho,856582,3
1655,137,Falken,856582,3
1656,137,Nitto,856582,3
1657,137,General Tire,856582,3
1658,137,Nexen,856582,3
1659,137,Sumitomo  ,856582,3
1660,138,Michelin,1027700,5
1661,138,Bridgestone,1156163,4
1662,138,Goodyear,1027700,4
1663,138,Pirelli,1027700,4
1664,138,Continental,899238,4
1665,138,Dunlop,899238,4
1666,138,Hankook,899238,4
1667,138,Firestone,899238,4
1668,138,BFGoodrich,1027700,3
1669,138,Falken,899238,3
1670,138,Nitto,899238,3
1671,138,Maxxis,899238,3
1672,139,Michelin,1076450,5
1673,139,Goodyear,1076450,4
1674,139,Pirelli,1076450,4
1675,139,Continental,941894,4
1676,139,Firestone,941894,4
1677,139,Toyotires,941894,4
1678,139,Cooper,941894,4
1679,139,BFGoodrich,1076450,3
1680,139,Falken,941894,3
1681,139,Nitto,941894,3
1682,140,Michelin,930200,5
1683,140,Bridgestone,1046475,4
1684,140,Goodyear,930200,4
1685,140,Continental,813925,4
1686,140,Hankook,813925,4
1687,140,Toyotires,813925,4
1688,140,Cooper,813925,4
1689,140,Kumho,813925,3
1690,140,Falken,813925,3
1691,140,Nitto,813925,3
1692,140,General Tire,813925,3
1693,140,Nexen,813925,3
1694,140,Cooper Tires,813925,3
1695,140,Sumitomo  ,813925,3
1696,141,Michelin,978950,5
1697,141,Bridgestone,1101319,4
1698,141,Goodyear,978950,4
1699,141,Pirelli,978950,4
1700,141,Continental,856582,4
1701,141,Hankook,856582,4
1702,141,Firestone,856582,4
1703,141,Cooper,856582,4
1704,141,Falken,856582,3
1705,141,Nexen,856582,3
1706,141,Maxxis,856582,3
1707,142,Michelin,1027700,5
1708,142,Bridgestone,1156163,4
1709,142,Dunlop,899238,4
1710,142,Yokohama,963469,5
1711,142,Hankook,899238,4
1712,142,Firestone,899238,4
1713,142,Toyotires,899238,4
1714,142,Cooper,899238,4
1715,142,BFGoodrich,1027700,3
1716,142,Falken,899238,3
1717,142,General Tire,899238,3
1718,142,Maxxis,899238,3
1719,142,Sumitomo  ,899238,3
1720,143,Michelin,881450,5
1721,143,Bridgestone,991632,4
1722,143,Goodyear,881450,4
1723,143,Pirelli,881450,4
1724,143,Continental,771269,4
1725,143,Yokohama,826360,5
1726,143,Hankook,771269,4
1727,143,Firestone,771269,4
1728,143,BFGoodrich,881450,3
1729,143,Nitto,771269,3
1730,143,General Tire,771269,3
1731,143,Maxxis,771269,3
1732,144,Michelin,930200,5
1733,144,Bridgestone,1046475,4
1734,144,Goodyear,930200,4
1735,144,Pirelli,930200,4
1736,144,Dunlop,813925,4
1737,144,Firestone,813925,4
1738,144,Toyotires,813925,4
1739,144,Cooper,813925,4
1740,144,BFGoodrich,930200,3
1741,144,General Tire,813925,3
1742,144,Maxxis,813925,3
1743,144,Sumitomo  ,813925,3
1744,145,Michelin,978950,5
1745,145,Bridgestone,1101319,4
1746,145,Goodyear,978950,4
1747,145,Pirelli,978950,4
1748,145,Yokohama,917766,5
1749,145,Hankook,856582,4
1750,145,Firestone,856582,4
1751,145,Toyotires,856582,4
1752,145,Cooper,856582,4
1753,145,Kumho,856582,3
1754,145,Nitto,856582,3
1755,145,Nexen,856582,3
1756,145,Cooper Tires,856582,3
1757,145,Maxxis,856582,3
1758,145,Sumitomo  ,856582,3
1759,146,Michelin,1027700,5
1760,146,Bridgestone,1156163,4
1761,146,Continental,899238,4
1762,146,Dunlop,899238,4
1763,146,Yokohama,963469,5
1764,146,Firestone,899238,4
1765,146,Cooper,899238,4
1766,146,BFGoodrich,1027700,3
1767,146,Falken,899238,3
1768,146,General Tire,899238,3
1769,146,Cooper Tires,899238,3
1770,146,Maxxis,899238,3
1771,146,Sumitomo  ,899238,3
1772,147,Michelin,930200,5
1773,147,Bridgestone,1046475,4
1774,147,Goodyear,930200,4
1775,147,Pirelli,930200,4
1776,147,Continental,813925,4
1777,147,Hankook,813925,4
1778,147,BFGoodrich,930200,3
1779,147,General Tire,813925,3
1780,147,Sumitomo  ,813925,3
1781,148,Michelin,978950,5
1782,148,Bridgestone,1101319,4
1783,148,Goodyear,978950,4
1784,148,Pirelli,978950,4
1785,148,Continental,856582,4
1786,148,Dunlop,856582,4
1787,148,Yokohama,917766,5
1788,148,Hankook,856582,4
1789,148,Toyotires,856582,4
1790,148,Cooper,856582,4
1791,148,BFGoodrich,978950,3
1792,148,Kumho,856582,3
1793,148,Nitto,856582,3
1794,148,Nexen,856582,3
1795,148,Maxxis,856582,3
1796,149,Michelin,1027700,5
1797,149,Bridgestone,1156163,4
1798,149,Goodyear,1027700,4
1799,149,Pirelli,1027700,4
1800,149,Dunlop,899238,4
1801,149,Yokohama,963469,5
1802,149,Toyotires,899238,4
1803,149,Nitto,899238,3
1804,149,Sumitomo  ,899238,3
1805,150,Michelin,1076450,5
1806,150,Bridgestone,1211007,4
1807,150,Goodyear,1076450,4
1808,150,Continental,941894,4
1809,150,Yokohama,1009172,5
1810,150,Hankook,941894,4
1811,150,Firestone,941894,4
1812,150,Toyotires,941894,4
1813,150,Nitto,941894,3
1814,150,General Tire,941894,3
1815,150,Cooper Tires,941894,3
1816,151,Michelin,881450,5
1817,151,Bridgestone,991632,4
1818,151,Continental,771269,4
1819,151,Yokohama,826360,5
1820,151,Hankook,771269,4
1821,151,Kumho,771269,3
1822,151,Nitto,771269,3
1823,151,Nexen,771269,3
1824,151,Cooper Tires,771269,3
1825,151,Maxxis,771269,3
1826,151,Sumitomo  ,771269,3
1827,152,Michelin,930200,5
1828,152,Bridgestone,1046475,4
1829,152,Pirelli,930200,4
1830,152,Dunlop,813925,4
1831,152,Hankook,813925,4
1832,152,Firestone,813925,4
1833,152,Toyotires,813925,4
1834,152,Kumho,813925,3
1835,152,Falken,813925,3
1836,152,Nitto,813925,3
1837,152,General Tire,813925,3
1838,152,Cooper Tires,813925,3
1839,152,Sumitomo  ,813925,3
1840,153,Michelin,978950,5
1841,153,Bridgestone,1101319,4
1842,153,Goodyear,978950,4
1843,153,Pirelli,978950,4
1844,153,Yokohama,917766,5
1845,153,Hankook,856582,4
1846,153,Firestone,856582,4
1847,153,Toyotires,856582,4
1848,153,Cooper,856582,4
1849,153,BFGoodrich,978950,3
1850,153,Kumho,856582,3
1851,153,Falken,856582,3
1852,153,General Tire,856582,3
1853,153,Nexen,856582,3
1854,153,Cooper Tires,856582,3
1855,153,Maxxis,856582,3
1856,154,Michelin,930200,5
1857,154,Bridgestone,1046475,4
1858,154,Goodyear,930200,4
1859,154,Pirelli,930200,4
1860,154,Hankook,813925,4
1861,154,Firestone,813925,4
1862,154,Toyotires,813925,4
1863,154,Falken,813925,3
1864,154,General Tire,813925,3
1865,154,Nexen,813925,3
1866,154,Cooper Tires,813925,3
1867,155,Michelin,978950,5
1868,155,Bridgestone,1101319,4
1869,155,Continental,856582,4
1870,155,Yokohama,917766,5
1871,155,Hankook,856582,4
1872,155,Firestone,856582,4
1873,155,Cooper,856582,4
1874,155,Kumho,856582,3
1875,155,Maxxis,856582,3
1876,156,Michelin,881450,5
1877,156,Bridgestone,991632,4
1878,156,Goodyear,881450,4
1879,156,Pirelli,881450,4
1880,156,Continental,771269,4
1881,156,Yokohama,826360,5
1882,156,Toyotires,771269,4
1883,156,Cooper,771269,4
1884,156,Falken,771269,3
1885,156,Nexen,771269,3
1886,156,Maxxis,771269,3
1887,156,Sumitomo  ,771269,3
1888,157,Michelin,832700,5
1889,157,Bridgestone,936788,4
1890,157,Goodyear,832700,4
1891,157,Pirelli,832700,4
1892,157,Continental,728613,4
1893,157,Dunlop,728613,4
1894,157,Yokohama,780657,5
1895,157,Firestone,728613,4
1896,157,Toyotires,728613,4
1897,157,BFGoodrich,832700,3
1898,157,Kumho,728613,3
1899,157,Nexen,728613,3
1900,157,Cooper Tires,728613,3
1901,157,Maxxis,728613,3
1902,157,Sumitomo  ,728613,3
1903,158,Michelin,881450,5
1904,158,Bridgestone,991632,4
1905,158,Goodyear,881450,4
1906,158,Pirelli,881450,4
1907,158,Continental,771269,4
1908,158,Dunlop,771269,4
1909,158,Yokohama,826360,5
1910,158,Cooper,771269,4
1911,158,BFGoodrich,881450,3
1912,158,Falken,771269,3
1913,158,General Tire,771269,3
1914,158,Nexen,771269,3
1915,158,Maxxis,771269,3
1916,159,Michelin,881450,5
1917,159,Bridgestone,991632,4
1918,159,Goodyear,881450,4
1919,159,Continental,771269,4
1920,159,Hankook,771269,4
1921,159,Cooper,771269,4
1922,159,Falken,771269,3
1923,159,Nitto,771269,3
1924,159,Nexen,771269,3
1925,159,Cooper Tires,771269,3
1926,159,Maxxis,771269,3
1927,160,Michelin,1137150,5
1928,160,Goodyear,1137150,4
1929,160,Pirelli,1137150,4
1930,160,Dunlop,995007,4
1931,160,Hankook,995007,4
1932,160,Cooper,995007,4
1933,160,Kumho,995007,3
1934,160,General Tire,995007,3
1935,160,Nexen,995007,3
1936,160,Sumitomo  ,995007,3
1937,161,Michelin,1039650,5
1938,161,Bridgestone,1169607,4
1939,161,Pirelli,1039650,4
1940,161,Continental,909694,4
1941,161,Dunlop,909694,4
1942,161,Yokohama,974672,5
1943,161,Hankook,909694,4
1944,161,Cooper,909694,4
1945,161,Nexen,909694,3
1946,161,Sumitomo  ,909694,3
1947,162,Michelin,1088400,5
1948,162,Bridgestone,1224450,4
1949,162,Goodyear,1088400,4
1950,162,Continental,952350,4
1951,162,Yokohama,1020375,5
1952,162,Hankook,952350,4
1953,162,Firestone,952350,4
1954,162,Toyotires,952350,4
1955,162,Cooper,952350,4
1956,162,BFGoodrich,1088400,3
1957,162,Kumho,952350,3
1958,162,General Tire,952350,3
1959,163,Michelin,1137150,5
1960,163,Bridgestone,1279294,4
1961,163,Goodyear,1137150,4
1962,163,Pirelli,1137150,4
1963,163,Continental,995007,4
1964,163,Dunlop,995007,4
1965,163,Yokohama,1066079,5
1966,163,Hankook,995007,4
1967,163,Firestone,995007,4
1968,163,Toyotires,995007,4
1969,163,BFGoodrich,1137150,3
1970,163,Kumho,995007,3
1971,163,Falken,995007,3
1972,163,General Tire,995007,3
1973,163,Maxxis,995007,3
1974,164,Michelin,990900,5
1975,164,Bridgestone,1114763,4
1976,164,Goodyear,990900,4
1977,164,Hankook,867038,4
1978,164,Toyotires,867038,4
1979,164,Cooper,867038,4
1980,164,Kumho,867038,3
1981,164,Falken,867038,3
1982,164,Nitto,867038,3
1983,164,General Tire,867038,3
1984,164,Cooper Tires,867038,3
1985,164,Maxxis,867038,3
1986,165,Michelin,1039650,5
1987,165,Bridgestone,1169607,4
1988,165,Pirelli,1039650,4
1989,165,Continental,909694,4
1990,165,Dunlop,909694,4
1991,165,Yokohama,974672,5
1992,165,Hankook,909694,4
1993,165,Firestone,909694,4
1994,165,Toyotires,909694,4
1995,165,Cooper,909694,4
1996,165,BFGoodrich,1039650,3
1997,165,Nexen,909694,3
1998,166,Michelin,1088400,5
1999,166,Bridgestone,1224450,4
2000,166,Goodyear,1088400,4
2001,166,Pirelli,1088400,4
2002,166,Continental,952350,4
2003,166,Dunlop,952350,4
2004,166,Yokohama,1020375,5
2005,166,Firestone,952350,4
2006,166,Toyotires,952350,4
2007,166,Cooper,952350,4
2008,166,BFGoodrich,1088400,3
2009,166,Kumho,952350,3
2010,166,Falken,952350,3
2011,166,General Tire,952350,3
2012,166,Nexen,952350,3
2013,166,Maxxis,952350,3
2014,166,Sumitomo  ,952350,3
2015,167,Michelin,1137150,5
2016,167,Bridgestone,1279294,4
2017,167,Goodyear,1137150,4
2018,167,Continental,995007,4
2019,167,Dunlop,995007,4
2020,167,Yokohama,1066079,5
2021,167,Hankook,995007,4
2022,167,Firestone,995007,4
2023,167,Toyotires,995007,4
2024,167,Cooper,995007,4
2025,167,General Tire,995007,3
2026,167,Nexen,995007,3
2027,167,Cooper Tires,995007,3
2028,167,Sumitomo  ,995007,3
2029,168,Michelin,942150,5
2030,168,Bridgestone,1059919,4
2031,168,Goodyear,942150,4
2032,168,Pirelli,942150,4
2033,168,Continental,824382,4
2034,168,Dunlop,824382,4
2035,168,Yokohama,883266,5
2036,168,Firestone,824382,4
2037,168,Cooper,824382,4
2038,168,BFGoodrich,942150,3
2039,168,Kumho,824382,3
2040,168,Falken,824382,3
2041,168,General Tire,824382,3
2042,168,Nexen,824382,3
2043,168,Cooper Tires,824382,3
2044,168,Maxxis,824382,3
2045,169,Michelin,990900,5
2046,169,Bridgestone,1114763,4
2047,169,Goodyear,990900,4
2048,169,Pirelli,990900,4
2049,169,Continental,867038,4
2050,169,Yokohama,928969,5
2051,169,Hankook,867038,4
2052,169,Toyotires,867038,4
2053,169,BFGoodrich,990900,3
2054,169,Kumho,867038,3
2055,169,Falken,867038,3
2056,169,Nitto,867038,3
2057,169,General Tire,867038,3
2058,169,Nexen,867038,3
2059,169,Maxxis,867038,3
2060,170,Michelin,1039650,5
2061,170,Bridgestone,1169607,4
2062,170,Continental,909694,4
2063,170,Dunlop,909694,4
2064,170,Yokohama,974672,5
2065,170,Hankook,909694,4
2066,170,Firestone,909694,4
2067,170,Toyotires,909694,4
2068,170,Cooper,909694,4
2069,170,Nitto,909694,3
2070,170,General Tire,909694,3
2071,170,Cooper Tires,909694,3
2072,171,Michelin,1088400,5
2073,171,Bridgestone,1224450,4
2074,171,Pirelli,1088400,4
2075,171,Continental,952350,4
2076,171,Dunlop,952350,4
2077,171,Yokohama,1020375,5
2078,171,Hankook,952350,4
2079,171,Firestone,952350,4
2080,171,Toyotires,952350,4
2081,171,Kumho,952350,3
2082,171,Falken,952350,3
2083,171,Nitto,952350,3
2084,171,General Tire,952350,3
2085,172,Michelin,1137150,5
2086,172,Bridgestone,1279294,4
2087,172,Goodyear,1137150,4
2088,172,Pirelli,1137150,4
2089,172,Continental,995007,4
2090,172,Dunlop,995007,4
2091,172,Yokohama,1066079,5
2092,172,Hankook,995007,4
2093,172,Firestone,995007,4
2094,172,Toyotires,995007,4
2095,172,BFGoodrich,1137150,3
2096,172,Kumho,995007,3
2097,172,General Tire,995007,3
2098,172,Cooper Tires,995007,3
2099,172,Maxxis,995007,3
2100,173,Michelin,990900,5
2101,173,Bridgestone,1114763,4
2102,173,Goodyear,990900,4
2103,173,Pirelli,990900,4
2104,173,Yokohama,928969,5
2105,173,Firestone,867038,4
2106,173,Cooper,867038,4
2107,173,Nitto,867038,3
2108,173,Cooper Tires,867038,3
2109,173,Maxxis,867038,3
2110,174,Michelin,1039650,5
2111,174,Bridgestone,1169607,4
2112,174,Pirelli,1039650,4
2113,174,Continental,909694,4
2114,174,Dunlop,909694,4
2115,174,Toyotires,909694,4
2116,174,Falken,909694,3
2117,174,Nexen,909694,3
2118,174,Maxxis,909694,3
2119,175,Michelin,990900,5
2120,175,Bridgestone,1114763,4
2121,175,Pirelli,990900,4
2122,175,Yokohama,928969,5
2123,175,Hankook,867038,4
2124,175,Firestone,867038,4
2125,175,Toyotires,867038,4
2126,175,Kumho,867038,3
2127,175,Nitto,867038,3
2128,175,Cooper Tires,867038,3
2129,175,Maxxis,867038,3
2130,175,Sumitomo  ,867038,3
2131,176,Michelin,1039650,5
2132,176,Bridgestone,1169607,4
2133,176,Continental,909694,4
2134,176,Dunlop,909694,4
2135,176,Hankook,909694,4
2136,176,Firestone,909694,4
2137,176,Cooper,909694,4
2138,176,BFGoodrich,1039650,3
2139,176,Falken,909694,3
2140,176,Cooper Tires,909694,3
2141,176,Maxxis,909694,3
2142,176,Sumitomo  ,909694,3
2143,177,Michelin,990900,5
2144,177,Bridgestone,1114763,4
2145,177,Continental,867038,4
2146,177,Dunlop,867038,4
2147,177,Yokohama,928969,5
2148,177,Hankook,867038,4
2149,177,Toyotires,867038,4
2150,177,Falken,867038,3
2151,177,General Tire,867038,3
2152,177,Nexen,867038,3
2153,177,Cooper Tires,867038,3
2154,177,Maxxis,867038,3
2155,178,Michelin,942150,5
2156,178,Bridgestone,1059919,4
2157,178,Goodyear,942150,4
2158,178,Pirelli,942150,4
2159,178,Continental,824382,4
2160,178,Dunlop,824382,4
2161,178,Yokohama,883266,5
2162,178,Hankook,824382,4
2163,178,Toyotires,824382,4
2164,178,BFGoodrich,942150,3
2165,178,Kumho,824382,3
2166,178,Nitto,824382,3
2167,178,Nexen,824382,3
2168,178,Sumitomo  ,824382,3
2169,179,Michelin,942150,5
2170,179,Bridgestone,1059919,4
2171,179,Goodyear,942150,4
2172,179,Pirelli,942150,4
2173,179,Continental,824382,4
2174,179,Yokohama,883266,5
2175,179,Hankook,824382,4
2176,179,Firestone,824382,4
2177,179,Falken,824382,3
2178,179,Nitto,824382,3
2179,179,General Tire,824382,3
2180,179,Maxxis,824382,3
2181,179,Sumitomo  ,824382,3
2182,180,Michelin,990900,5
2183,180,Bridgestone,1114763,4
2184,180,Goodyear,990900,4
2185,180,Pirelli,990900,4
2186,180,Continental,867038,4
2187,180,Hankook,867038,4
2188,180,Firestone,867038,4
2189,180,Cooper,867038,4
2190,180,BFGoodrich,990900,3
2191,180,Nexen,867038,3
2192,180,Cooper Tires,867038,3
2193,180,Sumitomo  ,867038,3
2194,181,Michelin,1149100,5
2195,181,Bridgestone,1292738,4
2196,181,Goodyear,1149100,4
2197,181,Pirelli,1149100,4
2198,181,Dunlop,1005463,4
2199,181,Yokohama,1077282,5
2200,181,Hankook,1005463,4
2201,181,Firestone,1005463,4
2202,181,Cooper,1005463,4
2203,181,BFGoodrich,1149100,3
2204,181,Kumho,1005463,3
2205,181,Falken,1005463,3
2206,181,General Tire,1005463,3
2207,181,Cooper Tires,1005463,3
2208,181,Maxxis,1005463,3
2209,182,Michelin,1100350,5
2210,182,Bridgestone,1237894,4
2211,182,Goodyear,1100350,4
2212,182,Pirelli,1100350,4
2213,182,Continental,962807,4
2214,182,Yokohama,1031579,5
2215,182,Hankook,962807,4
2216,182,Firestone,962807,4
2217,182,Toyotires,962807,4
2218,182,Cooper,962807,4
2219,182,BFGoodrich,1100350,3
2220,182,Nexen,962807,3
2221,182,Cooper Tires,962807,3
2222,183,Michelin,1149100,5
2223,183,Bridgestone,1292738,4
2224,183,Goodyear,1149100,4
2225,183,Dunlop,1005463,4
2226,183,Yokohama,1077282,5
2227,183,Hankook,1005463,4
2228,183,Firestone,1005463,4
2229,183,Toyotires,1005463,4
2230,183,Cooper,1005463,4
2231,183,BFGoodrich,1149100,3
2232,183,Nexen,1005463,3
2233,183,Sumitomo  ,1005463,3
2234,184,Michelin,1197850,5
2235,184,Bridgestone,1347582,4
2236,184,Goodyear,1197850,4
2237,184,Yokohama,1122985,5
2238,184,Firestone,1048119,4
2239,184,Cooper,1048119,4
2240,184,BFGoodrich,1197850,3
2241,184,Kumho,1048119,3
2242,184,Falken,1048119,3
2243,184,Nitto,1048119,3
2244,184,Cooper Tires,1048119,3
2245,184,Maxxis,1048119,3
2246,184,Sumitomo  ,1048119,3
2247,185,Michelin,1002850,5
2248,185,Bridgestone,1128207,4
2249,185,Pirelli,1002850,4
2250,185,Continental,877494,4
2251,185,Dunlop,877494,4
2252,185,Firestone,877494,4
2253,185,BFGoodrich,1002850,3
2254,185,Kumho,877494,3
2255,185,General Tire,877494,3
2256,185,Nexen,877494,3
2257,185,Maxxis,877494,3
2258,186,Michelin,1051600,5
2259,186,Pirelli,1051600,4
2260,186,Dunlop,920150,4
2261,186,Yokohama,985875,5
2262,186,Hankook,920150,4
2263,186,Firestone,920150,4
2264,186,Toyotires,920150,4
2265,186,Cooper,920150,4
2266,186,BFGoodrich,1051600,3
2267,186,Kumho,920150,3
2268,186,Falken,920150,3
2269,186,General Tire,920150,3
2270,186,Maxxis,920150,3
2271,186,Sumitomo  ,920150,3
2272,187,Michelin,1100350,5
2273,187,Bridgestone,1237894,4
2274,187,Goodyear,1100350,4
2275,187,Pirelli,1100350,4
2276,187,Continental,962807,4
2277,187,Dunlop,962807,4
2278,187,Yokohama,1031579,5
2279,187,Hankook,962807,4
2280,187,Firestone,962807,4
2281,187,Toyotires,962807,4
2282,187,Cooper,962807,4
2283,187,BFGoodrich,1100350,3
2284,187,Nexen,962807,3
2285,187,Cooper Tires,962807,3
2286,187,Maxxis,962807,3
2287,187,Sumitomo  ,962807,3
2288,188,Michelin,1149100,5
2289,188,Bridgestone,1292738,4
2290,188,Goodyear,1149100,4
2291,188,Dunlop,1005463,4
2292,188,Hankook,1005463,4
2293,188,Firestone,1005463,4
2294,188,Toyotires,1005463,4
2295,188,Cooper,1005463,4
2296,188,BFGoodrich,1149100,3
2297,188,Kumho,1005463,3
2298,188,Nexen,1005463,3
2299,188,Maxxis,1005463,3
2300,188,Sumitomo  ,1005463,3
2301,189,Michelin,1197850,5
2302,189,Pirelli,1197850,4
2303,189,Yokohama,1122985,5
2304,189,Toyotires,1048119,4
2305,189,BFGoodrich,1197850,3
2306,189,Nitto,1048119,3
2307,189,Cooper Tires,1048119,3
2308,189,Sumitomo  ,1048119,3
2309,190,Michelin,1051600,5
2310,190,Bridgestone,1183050,4
2311,190,Goodyear,1051600,4
2312,190,Pirelli,1051600,4
2313,190,Dunlop,920150,4
2314,190,Yokohama,985875,5
2315,190,Firestone,920150,4
2316,190,Toyotires,920150,4
2317,190,BFGoodrich,1051600,3
2318,190,Nitto,920150,3
2319,190,Cooper Tires,920150,3
2320,191,Michelin,1100350,5
2321,191,Bridgestone,1237894,4
2322,191,Goodyear,1100350,4
2323,191,Pirelli,1100350,4
2324,191,Dunlop,962807,4
2325,191,Yokohama,1031579,5
2326,191,Hankook,962807,4
2327,191,Firestone,962807,4
2328,191,Toyotires,962807,4
2329,191,Cooper,962807,4
2330,191,Cooper Tires,962807,3
2331,191,Maxxis,962807,3
2332,191,Sumitomo  ,962807,3
2333,192,Michelin,1149100,5
2334,192,Bridgestone,1292738,4
2335,192,Goodyear,1149100,4
2336,192,Pirelli,1149100,4
2337,192,Continental,1005463,4
2338,192,Dunlop,1005463,4
2339,192,Toyotires,1005463,4
2340,192,Cooper,1005463,4
2341,192,BFGoodrich,1149100,3
2342,192,General Tire,1005463,3
2343,192,Nexen,1005463,3
2344,192,Maxxis,1005463,3
2345,192,Sumitomo  ,1005463,3
2346,193,Michelin,1197850,5
2347,193,Bridgestone,1347582,4
2348,193,Pirelli,1197850,4
2349,193,Continental,1048119,4
2350,193,Dunlop,1048119,4
2351,193,Yokohama,1122985,5
2352,193,Hankook,1048119,4
2353,193,Firestone,1048119,4
2354,193,Falken,1048119,3
2355,193,Maxxis,1048119,3
2356,194,Michelin,1149100,5
2357,194,Bridgestone,1292738,4
2358,194,Continental,1005463,4
2359,194,Dunlop,1005463,4
2360,194,Hankook,1005463,4
2361,194,Toyotires,1005463,4
2362,194,BFGoodrich,1149100,3
2363,194,Kumho,1005463,3
2364,194,Falken,1005463,3
2365,194,General Tire,1005463,3
2366,194,Nexen,1005463,3
2367,194,Cooper Tires,1005463,3
2368,194,Sumitomo  ,1005463,3
2369,195,Michelin,1197850,5
2370,195,Bridgestone,1347582,4
2371,195,Goodyear,1197850,4
2372,195,Pirelli,1197850,4
2373,195,Yokohama,1122985,5
2374,195,Firestone,1048119,4
2375,195,Toyotires,1048119,4
2376,195,Nitto,1048119,3
2377,195,General Tire,1048119,3
2378,195,Cooper Tires,1048119,3
2379,195,Maxxis,1048119,3
2380,196,Michelin,1002850,5
2381,196,Bridgestone,1128207,4
2382,196,Goodyear,1002850,4
2383,196,Pirelli,1002850,4
2384,196,Continental,877494,4
2385,196,Dunlop,877494,4
2386,196,Hankook,877494,4
2387,196,Firestone,877494,4
2388,196,BFGoodrich,1002850,3
2389,196,Nitto,877494,3
2390,196,General Tire,877494,3
2391,196,Maxxis,877494,3
2392,197,Michelin,1100350,5
2393,197,Bridgestone,1237894,4
2394,197,Goodyear,1100350,4
2395,197,Dunlop,962807,4
2396,197,Hankook,962807,4
2397,197,Firestone,962807,4
2398,197,Toyotires,962807,4
2399,197,Kumho,962807,3
2400,197,Falken,962807,3
2401,197,General Tire,962807,3
2402,197,Nexen,962807,3
2403,197,Cooper Tires,962807,3
2404,198,Michelin,1149100,5
2405,198,Bridgestone,1292738,4
2406,198,Goodyear,1149100,4
2407,198,Pirelli,1149100,4
2408,198,Continental,1005463,4
2409,198,Dunlop,1005463,4
2410,198,Yokohama,1077282,5
2411,198,Hankook,1005463,4
2412,198,Firestone,1005463,4
2413,198,Cooper,1005463,4
2414,198,BFGoodrich,1149100,3
2415,198,Falken,1005463,3
2416,198,Nitto,1005463,3
2417,198,Maxxis,1005463,3
2418,199,Michelin,1197850,5
2419,199,Bridgestone,1347582,4
2420,199,Continental,1048119,4
2421,199,Dunlop,1048119,4
2422,199,Yokohama,1122985,5
2423,199,Hankook,1048119,4
2424,199,Toyotires,1048119,4
2425,199,BFGoodrich,1197850,3
2426,199,Falken,1048119,3
2427,199,Nitto,1048119,3
2428,199,General Tire,1048119,3
2429,199,Cooper Tires,1048119,3
2430,199,Maxxis,1048119,3
2431,200,Michelin,1051600,5
2432,200,Bridgestone,1183050,4
2433,200,Pirelli,1051600,4
2434,200,Continental,920150,4
2435,200,Dunlop,920150,4
2436,200,Yokohama,985875,5
2437,200,Hankook,920150,4
2438,200,Firestone,920150,4
2439,200,Toyotires,920150,4
2440,200,Cooper,920150,4
2441,200,Kumho,920150,3
2442,200,Falken,920150,3
2443,200,Nitto,920150,3
2444,200,General Tire,920150,3
2445,200,Cooper Tires,920150,3
2446,200,Maxxis,920150,3
2447,201,Michelin,1100350,5
2448,201,Goodyear,1100350,4
2449,201,Pirelli,1100350,4
2450,201,Continental,962807,4
2451,201,Dunlop,962807,4
2452,201,Hankook,962807,4
2453,201,Firestone,962807,4
2454,201,Toyotires,962807,4
2455,201,BFGoodrich,1100350,3
2456,201,Kumho,962807,3
2457,201,General Tire,962807,3
2458,201,Cooper Tires,962807,3
2459,202,Michelin,1002850,5
2460,202,Bridgestone,1128207,4
2461,202,Goodyear,1002850,4
2462,202,Pirelli,1002850,4
2463,202,Continental,877494,4
2464,202,Dunlop,877494,4
2465,202,Yokohama,940172,5
2466,202,Firestone,877494,4
2467,202,BFGoodrich,1002850,3
2468,202,Falken,877494,3
2469,202,Nitto,877494,3
2470,202,General Tire,877494,3
2471,203,Bridgestone,1183050,4
2472,203,Goodyear,1051600,4
2473,203,Yokohama,985875,5
2474,203,Hankook,920150,4
2475,203,BFGoodrich,1051600,3
2476,203,Nexen,920150,3
2477,203,Cooper Tires,920150,3
2478,203,Maxxis,920150,3
2479,204,Michelin,954100,5
2480,204,Bridgestone,1073363,4
2481,204,Pirelli,954100,4
2482,204,Continental,834838,4
2483,204,Yokohama,894469,5
2484,204,Hankook,834838,4
2485,204,Firestone,834838,4
2486,204,Toyotires,834838,4
2487,204,BFGoodrich,954100,3
2488,204,Kumho,834838,3
2489,204,Falken,834838,3
2490,204,General Tire,834838,3
2491,204,Cooper Tires,834838,3
2492,205,Michelin,1002850,5
2493,205,Bridgestone,1128207,4
2494,205,Pirelli,1002850,4
2495,205,Continental,877494,4
2496,205,Dunlop,877494,4
2497,205,Hankook,877494,4
2498,205,Firestone,877494,4
2499,205,Toyotires,877494,4
2500,205,Falken,877494,3
2501,205,Nitto,877494,3
2502,205,Nexen,877494,3
2503,205,Maxxis,877494,3
2504,206,Michelin,954100,5
2505,206,Bridgestone,1073363,4
2506,206,Pirelli,954100,4
2507,206,Continental,834838,4
2508,206,Dunlop,834838,4
2509,206,Yokohama,894469,5
2510,206,Hankook,834838,4
2511,206,Firestone,834838,4
2512,206,Toyotires,834838,4
2513,206,Cooper,834838,4
2514,206,BFGoodrich,954100,3
2515,206,General Tire,834838,3
2516,206,Maxxis,834838,3
2517,207,Michelin,1051600,5
2518,207,Bridgestone,1183050,4
2519,207,Goodyear,1051600,4
2520,207,Pirelli,1051600,4
2521,207,Continental,920150,4
2522,207,Firestone,920150,4
2523,207,Toyotires,920150,4
2524,207,Cooper,920150,4
2525,207,Falken,920150,3
2526,207,Cooper Tires,920150,3
2527,207,Sumitomo  ,920150,3
2528,208,Michelin,1258550,5
2529,208,Bridgestone,1415869,4
2530,208,Goodyear,1258550,4
2531,208,Pirelli,1258550,4
2532,208,Continental,1101232,4
2533,208,Yokohama,1179891,5
2534,208,Hankook,1101232,4
2535,208,Firestone,1101232,4
2536,208,Toyotires,1101232,4
2537,208,Cooper,1101232,4
2538,208,Falken,1101232,3
2539,208,Nitto,1101232,3
2540,208,General Tire,1101232,3
2541,208,Maxxis,1101232,3
2542,208,Sumitomo  ,1101232,3
2543,209,Michelin,1161050,5
2544,209,Bridgestone,1306182,4
2545,209,Goodyear,1161050,4
2546,209,Continental,1015919,4
2547,209,Dunlop,1015919,4
2548,209,Yokohama,1088485,5
2549,209,Firestone,1015919,4
2550,209,Cooper,1015919,4
2551,209,BFGoodrich,1161050,3
2552,209,Kumho,1015919,3
2553,209,Falken,1015919,3
2554,209,General Tire,1015919,3
2555,209,Sumitomo  ,1015919,3
2556,210,Michelin,1209800,5
2557,210,Bridgestone,1361025,4
2558,210,Goodyear,1209800,4
2559,210,Continental,1058575,4
2560,210,Dunlop,1058575,4
2561,210,Yokohama,1134188,5
2562,210,Hankook,1058575,4
2563,210,Firestone,1058575,4
2564,210,Kumho,1058575,3
2565,210,Falken,1058575,3
2566,210,Nexen,1058575,3
2567,210,Cooper Tires,1058575,3
2568,211,Michelin,1258550,5
2569,211,Bridgestone,1415869,4
2570,211,Goodyear,1258550,4
2571,211,Continental,1101232,4
2572,211,Yokohama,1179891,5
2573,211,Hankook,1101232,4
2574,211,Firestone,1101232,4
2575,211,Toyotires,1101232,4
2576,211,Cooper,1101232,4
2577,211,BFGoodrich,1258550,3
2578,211,Kumho,1101232,3
2579,211,Nitto,1101232,3
2580,211,General Tire,1101232,3
2581,211,Nexen,1101232,3
2582,211,Cooper Tires,1101232,3
2583,211,Sumitomo  ,1101232,3
2584,212,Michelin,1112300,5
2585,212,Bridgestone,1251338,4
2586,212,Goodyear,1112300,4
2587,212,Pirelli,1112300,4
2588,212,Continental,973263,4
2589,212,Dunlop,973263,4
2590,212,Yokohama,1042782,5
2591,212,Hankook,973263,4
2592,212,Toyotires,973263,4
2593,212,Kumho,973263,3
2594,212,Nitto,973263,3
2595,212,Sumitomo  ,973263,3
2596,213,Michelin,1161050,5
2597,213,Bridgestone,1306182,4
2598,213,Goodyear,1161050,4
2599,213,Pirelli,1161050,4
2600,213,Dunlop,1015919,4
2601,213,Hankook,1015919,4
2602,213,Firestone,1015919,4
2603,213,Toyotires,1015919,4
2604,213,Kumho,1015919,3
2605,213,Falken,1015919,3
2606,213,Nitto,1015919,3
2607,213,General Tire,1015919,3
2608,213,Maxxis,1015919,3
2609,213,Sumitomo  ,1015919,3
2610,214,Michelin,1209800,5
2611,214,Bridgestone,1361025,4
2612,214,Pirelli,1209800,4
2613,214,Continental,1058575,4
2614,214,Dunlop,1058575,4
2615,214,Yokohama,1134188,5
2616,214,Hankook,1058575,4
2617,214,Toyotires,1058575,4
2618,214,BFGoodrich,1209800,3
2619,214,Kumho,1058575,3
2620,214,Falken,1058575,3
2621,214,Nitto,1058575,3
2622,214,Cooper Tires,1058575,3
2623,214,Maxxis,1058575,3
2624,214,Sumitomo  ,1058575,3
2625,215,Michelin,1258550,5
2626,215,Bridgestone,1415869,4
2627,215,Continental,1101232,4
2628,215,Dunlop,1101232,4
2629,215,Yokohama,1179891,5
2630,215,Hankook,1101232,4
2631,215,Firestone,1101232,4
2632,215,Toyotires,1101232,4
2633,215,Falken,1101232,3
2634,215,Nitto,1101232,3
2635,215,General Tire,1101232,3
2636,215,Cooper Tires,1101232,3
2637,215,Maxxis,1101232,3
2638,215,Sumitomo  ,1101232,3
2639,216,Michelin,1307300,5
2640,216,Bridgestone,1470713,4
2641,216,Goodyear,1307300,4
2642,216,Pirelli,1307300,4
2643,216,Yokohama,1225594,5
2644,216,Hankook,1143888,4
2645,216,Firestone,1143888,4
2646,216,Toyotires,1143888,4
2647,216,BFGoodrich,1307300,3
2648,216,Falken,1143888,3
2649,216,Nitto,1143888,3
2650,216,Sumitomo  ,1143888,3
2651,217,Michelin,1356050,5
2652,217,Bridgestone,1525557,4
2653,217,Pirelli,1356050,4
2654,217,Continental,1186544,4
2655,217,Dunlop,1186544,4
2656,217,Firestone,1186544,4
2657,217,Toyotires,1186544,4
2658,217,BFGoodrich,1356050,3
2659,217,Kumho,1186544,3
2660,217,Falken,1186544,3
2661,217,General Tire,1186544,3
2662,217,Nexen,1186544,3
2663,217,Cooper Tires,1186544,3
2664,218,Michelin,1161050,5
2665,218,Bridgestone,1306182,4
2666,218,Pirelli,1161050,4
2667,218,Continental,1015919,4
2668,218,Dunlop,1015919,4
2669,218,Firestone,1015919,4
2670,218,BFGoodrich,1161050,3
2671,218,Nitto,1015919,3
2672,218,General Tire,1015919,3
2673,218,Nexen,1015919,3
2674,218,Sumitomo  ,1015919,3
2675,219,Michelin,1258550,5
2676,219,Bridgestone,1415869,4
2677,219,Goodyear,1258550,4
2678,219,Pirelli,1258550,4
2679,219,Continental,1101232,4
2680,219,Dunlop,1101232,4
2681,219,Yokohama,1179891,5
2682,219,Hankook,1101232,4
2683,219,Firestone,1101232,4
2684,219,Toyotires,1101232,4
2685,219,Cooper,1101232,4
2686,219,BFGoodrich,1258550,3
2687,219,General Tire,1101232,3
2688,219,Nexen,1101232,3
2689,219,Maxxis,1101232,3
2690,220,Michelin,1307300,5
2691,220,Bridgestone,1470713,4
2692,220,Goodyear,1307300,4
2693,220,Cooper,1143888,4
2694,220,Kumho,1143888,3
2695,220,Falken,1143888,3
2696,220,Nitto,1143888,3
2697,220,General Tire,1143888,3
2698,220,Nexen,1143888,3
2699,220,Maxxis,1143888,3
2700,220,Sumitomo  ,1143888,3
2701,221,Michelin,1209800,5
2702,221,Bridgestone,1361025,4
2703,221,Goodyear,1209800,4
2704,221,Continental,1058575,4
2705,221,Dunlop,1058575,4
2706,221,Yokohama,1134188,5
2707,221,Hankook,1058575,4
2708,221,Firestone,1058575,4
2709,221,Cooper,1058575,4
2710,221,Kumho,1058575,3
2711,221,Falken,1058575,3
2712,221,Sumitomo  ,1058575,3
2713,222,Michelin,1161050,5
2714,222,Bridgestone,1306182,4
2715,222,Goodyear,1161050,4
2716,222,Continental,1015919,4
2717,222,Yokohama,1088485,5
2718,222,Firestone,1015919,4
2719,222,Toyotires,1015919,4
2720,222,Falken,1015919,3
2721,222,Nitto,1015919,3
2722,222,General Tire,1015919,3
2723,222,Nexen,1015919,3
2724,222,Sumitomo  ,1015919,3
2725,223,Michelin,1112300,5
2726,223,Bridgestone,1251338,4
2727,223,Goodyear,1112300,4
2728,223,Pirelli,1112300,4
2729,223,Dunlop,973263,4
2730,223,Yokohama,1042782,5
2731,223,Hankook,973263,4
2732,223,Firestone,973263,4
2733,223,Cooper,973263,4
2734,223,BFGoodrich,1112300,3
2735,223,Kumho,973263,3
2736,223,Falken,973263,3
2737,223,Nitto,973263,3
2738,223,Nexen,973263,3
2739,223,Maxxis,973263,3
2740,224,Michelin,1161050,5
2741,224,Bridgestone,1306182,4
2742,224,Continental,1015919,4
2743,224,Dunlop,1015919,4
2744,224,Toyotires,1015919,4
2745,224,Cooper,1015919,4
2746,224,Kumho,1015919,3
2747,224,Nitto,1015919,3
2748,224,General Tire,1015919,3
2749,224,Nexen,1015919,3
2750,224,Maxxis,1015919,3
2751,224,Sumitomo  ,1015919,3
2752,225,Michelin,1014799,5
2753,225,Bridgestone,1141649,4
2754,225,Goodyear,1014799,4
2755,225,Pirelli,1014799,4
2756,225,Firestone,887950,4
2757,225,Toyotires,887950,4
2758,225,BFGoodrich,1014799,3
2759,225,Sumitomo  ,887950,3
2760,226,Bridgestone,1196494,4
2761,226,Goodyear,1063550,4
2762,226,Continental,930607,4
2763,226,Yokohama,997079,5
2764,226,Hankook,930607,4
2765,226,Firestone,930607,4
2766,226,Toyotires,930607,4
2767,226,Cooper,930607,4
2768,226,BFGoodrich,1063550,3
2769,226,Nexen,930607,3
2770,226,Cooper Tires,930607,3
2771,226,Maxxis,930607,3
2772,227,Michelin,1112300,5
2773,227,Bridgestone,1251338,4
2774,227,Goodyear,1112300,4
2775,227,Pirelli,1112300,4
2776,227,Continental,973263,4
2777,227,Dunlop,973263,4
2778,227,Firestone,973263,4
2779,227,Toyotires,973263,4
2780,227,Cooper,973263,4
2781,227,BFGoodrich,1112300,3
2782,227,Falken,973263,3
2783,227,Maxxis,973263,3
2784,227,Sumitomo  ,973263,3
2785,228,Michelin,1161050,5
2786,228,Bridgestone,1306182,4
2787,228,Goodyear,1161050,4
2788,228,Pirelli,1161050,4
2789,228,Dunlop,1015919,4
2790,228,Hankook,1015919,4
2791,228,Cooper,1015919,4
2792,228,Kumho,1015919,3
2793,228,Nitto,1015919,3
2794,229,Michelin,1063550,5
2795,229,Bridgestone,1196494,4
2796,229,Goodyear,1063550,4
2797,229,Continental,930607,4
2798,229,Dunlop,930607,4
2799,229,Yokohama,997079,5
2800,229,Hankook,930607,4
2801,229,Firestone,930607,4
2802,229,Toyotires,930607,4
2803,229,Cooper,930607,4
2804,229,Nitto,930607,3
2805,229,General Tire,930607,3
2806,229,Cooper Tires,930607,3
2807,230,Michelin,1319249,5
2808,230,Bridgestone,1484156,4
2809,230,Goodyear,1319249,4
2810,230,Pirelli,1319249,4
2811,230,Dunlop,1154343,4
2812,230,Firestone,1154343,4
2813,230,Toyotires,1154343,4
2814,230,Cooper,1154343,4
2815,230,Nitto,1154343,3
2816,230,Nexen,1154343,3
2817,230,Cooper Tires,1154343,3
2818,230,Maxxis,1154343,3
2819,230,Sumitomo  ,1154343,3
2820,231,Michelin,1367999,5
2821,231,Bridgestone,1538999,4
2822,231,Goodyear,1367999,4
2823,231,Pirelli,1367999,4
2824,231,Hankook,1197000,4
2825,231,Firestone,1197000,4
2826,231,Toyotires,1197000,4
2827,231,Cooper,1197000,4
2828,231,BFGoodrich,1367999,3
2829,231,Kumho,1197000,3
2830,231,Falken,1197000,3
2831,231,Nitto,1197000,3
2832,231,General Tire,1197000,3
2833,231,Nexen,1197000,3
2834,231,Cooper Tires,1197000,3
2835,231,Maxxis,1197000,3
2836,231,Sumitomo  ,1197000,3
2837,232,Michelin,1221749,5
2838,232,Bridgestone,1374468,4
2839,232,Goodyear,1221749,4
2840,232,Pirelli,1221749,4
2841,232,Continental,1069031,4
2842,232,Dunlop,1069031,4
2843,232,Yokohama,1145390,5
2844,232,Hankook,1069031,4
2845,232,Firestone,1069031,4
2846,232,Toyotires,1069031,4
2847,232,Cooper,1069031,4
2848,232,BFGoodrich,1221749,3
2849,232,Kumho,1069031,3
2850,232,Falken,1069031,3
2851,232,General Tire,1069031,3
2852,232,Nexen,1069031,3
2853,232,Cooper Tires,1069031,3
2854,232,Maxxis,1069031,3
2855,233,Michelin,1270499,5
2856,233,Bridgestone,1429312,4
2857,233,Goodyear,1270499,4
2858,233,Continental,1111687,4
2859,233,Dunlop,1111687,4
2860,233,Yokohama,1191093,5
2861,233,Hankook,1111687,4
2862,233,Firestone,1111687,4
2863,233,Cooper,1111687,4
2864,233,Kumho,1111687,3
2865,233,Falken,1111687,3
2866,233,General Tire,1111687,3
2867,233,Nexen,1111687,3
2868,233,Maxxis,1111687,3
2869,234,Michelin,1319249,5
2870,234,Bridgestone,1484156,4
2871,234,Goodyear,1319249,4
2872,234,Pirelli,1319249,4
2873,234,Continental,1154343,4
2874,234,Yokohama,1236796,5
2875,234,Firestone,1154343,4
2876,234,Cooper,1154343,4
2877,234,BFGoodrich,1319249,3
2878,234,Kumho,1154343,3
2879,234,Nitto,1154343,3
2880,234,Cooper Tires,1154343,3
2881,234,Maxxis,1154343,3
2882,235,Michelin,1367999,5
2883,235,Bridgestone,1538999,4
2884,235,Goodyear,1367999,4
2885,235,Pirelli,1367999,4
2886,235,Yokohama,1282500,5
2887,235,Firestone,1197000,4
2888,235,Toyotires,1197000,4
2889,235,Cooper,1197000,4
2890,235,BFGoodrich,1367999,3
2891,235,Falken,1197000,3
2892,235,Nexen,1197000,3
2893,235,Cooper Tires,1197000,3
2894,235,Sumitomo  ,1197000,3
2895,236,Michelin,1172999,5
2896,236,Bridgestone,1319624,4
2897,236,Continental,1026375,4
2898,236,Dunlop,1026375,4
2899,236,Hankook,1026375,4
2900,236,Firestone,1026375,4
2901,236,Cooper,1026375,4
2902,236,Kumho,1026375,3
2903,236,Nitto,1026375,3
2904,236,General Tire,1026375,3
2905,236,Nexen,1026375,3
2906,236,Cooper Tires,1026375,3
2907,237,Michelin,1221749,5
2908,237,Bridgestone,1374468,4
2909,237,Goodyear,1221749,4
2910,237,Continental,1069031,4
2911,237,Dunlop,1069031,4
2912,237,Yokohama,1145390,5
2913,237,Hankook,1069031,4
2914,237,Firestone,1069031,4
2915,237,Toyotires,1069031,4
2916,237,Kumho,1069031,3
2917,237,Falken,1069031,3
2918,237,Nitto,1069031,3
2919,237,General Tire,1069031,3
2920,237,Sumitomo  ,1069031,3
2921,238,Michelin,1270499,5
2922,238,Bridgestone,1429312,4
2923,238,Goodyear,1270499,4
2924,238,Pirelli,1270499,4
2925,238,Dunlop,1111687,4
2926,238,Yokohama,1191093,5
2927,238,Cooper,1111687,4
2928,238,Falken,1111687,3
2929,238,Nitto,1111687,3
2930,238,Nexen,1111687,3
2931,238,Sumitomo  ,1111687,3
2932,239,Michelin,1319249,5
2933,239,Bridgestone,1484156,4
2934,239,Goodyear,1319249,4
2935,239,Continental,1154343,4
2936,239,Dunlop,1154343,4
2937,239,Yokohama,1236796,5
2938,239,Hankook,1154343,4
2939,239,Toyotires,1154343,4
2940,239,Cooper,1154343,4
2941,239,BFGoodrich,1319249,3
2942,239,Kumho,1154343,3
2943,239,Falken,1154343,3
2944,239,Cooper Tires,1154343,3
2945,239,Maxxis,1154343,3
2946,240,Michelin,1221749,5
2947,240,Bridgestone,1374468,4
2948,240,Continental,1069031,4
2949,240,Yokohama,1145390,5
2950,240,Toyotires,1069031,4
2951,240,General Tire,1069031,3
2952,240,Nexen,1069031,3
2953,240,Cooper Tires,1069031,3
2954,240,Maxxis,1069031,3
2955,241,Michelin,1319249,5
2956,241,Bridgestone,1484156,4
2957,241,Goodyear,1319249,4
2958,241,Pirelli,1319249,4
2959,241,Continental,1154343,4
2960,241,Yokohama,1236796,5
2961,241,Hankook,1154343,4
2962,241,Firestone,1154343,4
2963,241,Toyotires,1154343,4
2964,241,Falken,1154343,3
2965,241,Nitto,1154343,3
2966,241,Nexen,1154343,3
2967,241,Cooper Tires,1154343,3
2968,241,Maxxis,1154343,3
2969,242,Michelin,1367999,5
2970,242,Bridgestone,1538999,4
2971,242,Goodyear,1367999,4
2972,242,Pirelli,1367999,4
2973,242,Continental,1197000,4
2974,242,Dunlop,1197000,4
2975,242,Yokohama,1282500,5
2976,242,Toyotires,1197000,4
2977,242,Cooper,1197000,4
2978,242,BFGoodrich,1367999,3
2979,242,General Tire,1197000,3
2980,242,Nexen,1197000,3
2981,243,Michelin,1270499,5
2982,243,Bridgestone,1429312,4
2983,243,Goodyear,1270499,4
2984,243,Pirelli,1270499,4
2985,243,Dunlop,1111687,4
2986,243,Yokohama,1191093,5
2987,243,Hankook,1111687,4
2988,243,Firestone,1111687,4
2989,243,Toyotires,1111687,4
2990,243,Cooper,1111687,4
2991,243,BFGoodrich,1270499,3
2992,243,Falken,1111687,3
2993,243,Nitto,1111687,3
2994,243,General Tire,1111687,3
2995,243,Nexen,1111687,3
2996,243,Sumitomo  ,1111687,3
2997,244,Michelin,1319249,5
2998,244,Bridgestone,1484156,4
2999,244,Goodyear,1319249,4
3000,244,Pirelli,1319249,4
3001,244,Continental,1154343,4
3002,244,Dunlop,1154343,4
3003,244,Yokohama,1236796,5
3004,244,Firestone,1154343,4
3005,244,Toyotires,1154343,4
3006,244,Cooper,1154343,4
3007,244,BFGoodrich,1319249,3
3008,244,Kumho,1154343,3
3009,244,Falken,1154343,3
3010,244,Nitto,1154343,3
3011,244,General Tire,1154343,3
3012,244,Nexen,1154343,3
3013,245,Michelin,1172999,5
3014,245,Bridgestone,1319624,4
3015,245,Goodyear,1172999,4
3016,245,Yokohama,1099687,5
3017,245,Hankook,1026375,4
3018,245,Toyotires,1026375,4
3019,245,Cooper,1026375,4
3020,245,Kumho,1026375,3
3021,245,Nexen,1026375,3
3022,246,Michelin,1319249,5
3023,246,Bridgestone,1484156,4
3024,246,Pirelli,1319249,4
3025,246,Continental,1154343,4
3026,246,Dunlop,1154343,4
3027,246,Yokohama,1236796,5
3028,246,Firestone,1154343,4
3029,246,Cooper,1154343,4
3030,246,BFGoodrich,1319249,3
3031,246,Falken,1154343,3
3032,246,Nitto,1154343,3
3033,246,Nexen,1154343,3
3034,246,Maxxis,1154343,3
3035,247,Michelin,1172999,5
3036,247,Bridgestone,1319624,4
3037,247,Goodyear,1172999,4
3038,247,Dunlop,1026375,4
3039,247,Hankook,1026375,4
3040,247,Firestone,1026375,4
3041,247,Kumho,1026375,3
3042,247,Cooper Tires,1026375,3
3043,247,Maxxis,1026375,3
3044,247,Sumitomo  ,1026375,3
3045,248,Michelin,1124249,5
3046,248,Bridgestone,1264781,4
3047,248,Pirelli,1124249,4
3048,248,Dunlop,983718,4
3049,248,Yokohama,1053984,5
3050,248,Cooper,983718,4
3051,248,Kumho,983718,3
3052,248,Nitto,983718,3
3053,248,General Tire,983718,3
3054,248,Nexen,983718,3
3055,248,Cooper Tires,983718,3
3056,248,Maxxis,983718,3
3057,248,Sumitomo  ,983718,3
3058,249,Michelin,1282450,5
3059,249,Bridgestone,1442757,4
3060,249,Continental,1122144,4
3061,249,Dunlop,1122144,4
3062,249,Yokohama,1202297,5
3063,249,Firestone,1122144,4
3064,249,Cooper,1122144,4
3065,249,BFGoodrich,1282450,3
3066,249,Cooper Tires,1122144,3
3067,249,Sumitomo  ,1122144,3
3068,250,Michelin,1331200,5
3069,250,Bridgestone,1497600,4
3070,250,Goodyear,1331200,4
3071,250,Yokohama,1248000,5
3072,250,Hankook,1164800,4
3073,250,Toyotires,1164800,4
3074,250,BFGoodrich,1331200,3
3075,250,Falken,1164800,3
3076,250,Nitto,1164800,3
3077,250,General Tire,1164800,3
3078,250,Nexen,1164800,3
3079,250,Cooper Tires,1164800,3
3080,250,Maxxis,1164800,3
3081,250,Sumitomo  ,1164800,3
3082,251,Michelin,1379950,5
3083,251,Bridgestone,1552444,4
3084,251,Goodyear,1379950,4
3085,251,Continental,1207457,4
3086,251,Firestone,1207457,4
3087,251,Toyotires,1207457,4
3088,251,Kumho,1207457,3
3089,251,Nitto,1207457,3
3090,251,General Tire,1207457,3
3091,251,Nexen,1207457,3
3092,252,Michelin,1282450,5
3093,252,Bridgestone,1442757,4
3094,252,Goodyear,1282450,4
3095,252,Pirelli,1282450,4
3096,252,Continental,1122144,4
3097,252,Dunlop,1122144,4
3098,252,Hankook,1122144,4
3099,252,Firestone,1122144,4
3100,252,Toyotires,1122144,4
3101,252,Cooper,1122144,4
3102,252,BFGoodrich,1282450,3
3103,252,Kumho,1122144,3
3104,252,Falken,1122144,3
3105,252,Cooper Tires,1122144,3
3106,252,Maxxis,1122144,3
3107,253,Michelin,1331200,5
3108,253,Bridgestone,1497600,4
3109,253,Goodyear,1331200,4
3110,253,Pirelli,1331200,4
3111,253,Continental,1164800,4
3112,253,Dunlop,1164800,4
3113,253,Yokohama,1248000,5
3114,253,Hankook,1164800,4
3115,253,Firestone,1164800,4
3116,253,Toyotires,1164800,4
3117,253,Cooper,1164800,4
3118,253,Nexen,1164800,3
3119,253,Cooper Tires,1164800,3
3120,253,Maxxis,1164800,3
3121,254,Michelin,1379950,5
3122,254,Goodyear,1379950,4
3123,254,Continental,1207457,4
3124,254,Yokohama,1293704,5
3125,254,Hankook,1207457,4
3126,254,Cooper,1207457,4
3127,254,BFGoodrich,1379950,3
3128,254,Kumho,1207457,3
3129,254,Falken,1207457,3
3130,254,Nitto,1207457,3
3131,254,General Tire,1207457,3
3132,254,Nexen,1207457,3
3133,254,Maxxis,1207457,3
3134,255,Michelin,1526200,5
3135,255,Bridgestone,1716975,4
3136,255,Goodyear,1526200,4
3137,255,Continental,1335425,4
3138,255,Dunlop,1335425,4
3139,255,Yokohama,1430813,5
3140,255,Hankook,1335425,4
3141,255,Firestone,1335425,4
3142,255,Toyotires,1335425,4
3143,255,Cooper,1335425,4
3144,255,BFGoodrich,1526200,3
3145,255,Nitto,1335425,3
3146,255,Nexen,1335425,3
3147,255,Cooper Tires,1335425,3
3148,255,Sumitomo  ,1335425,3
3149,256,Michelin,1233700,5
3150,256,Bridgestone,1387913,4
3151,256,Goodyear,1233700,4
3152,256,Continental,1079488,4
3153,256,Dunlop,1079488,4
3154,256,Yokohama,1156594,5
3155,256,Firestone,1079488,4
3156,256,Cooper,1079488,4
3157,256,Kumho,1079488,3
3158,256,Cooper Tires,1079488,3
3159,257,Michelin,1282450,5
3160,257,Bridgestone,1442757,4
3161,257,Firestone,1122144,4
3162,257,Toyotires,1122144,4
3163,257,BFGoodrich,1282450,3
3164,257,Kumho,1122144,3
3165,257,Nitto,1122144,3
3166,257,General Tire,1122144,3
3167,257,Nexen,1122144,3
3168,257,Maxxis,1122144,3
3169,257,Sumitomo  ,1122144,3
3170,258,Michelin,1331200,5
3171,258,Bridgestone,1497600,4
3172,258,Goodyear,1331200,4
3173,258,Continental,1164800,4
3174,258,Dunlop,1164800,4
3175,258,Hankook,1164800,4
3176,258,Cooper,1164800,4
3177,258,Kumho,1164800,3
3178,258,Falken,1164800,3
3179,258,Nitto,1164800,3
3180,258,Nexen,1164800,3
3181,258,Sumitomo  ,1164800,3
3182,259,Michelin,1428700,5
3183,259,Bridgestone,1607288,4
3184,259,Continental,1250113,4
3185,259,Yokohama,1339407,5
3186,259,Firestone,1250113,4
3187,259,Toyotires,1250113,4
3188,259,Cooper,1250113,4
3189,259,BFGoodrich,1428700,3
3190,259,Nitto,1250113,3
3191,259,Cooper Tires,1250113,3
3192,259,Sumitomo  ,1250113,3
3193,260,Bridgestone,1662132,4
3194,260,Continental,1292769,4
3195,260,Firestone,1292769,4
3196,260,Toyotires,1292769,4
3197,260,Cooper,1292769,4
3198,260,BFGoodrich,1477450,3
3199,260,Kumho,1292769,3
3200,260,Falken,1292769,3
3201,260,Nitto,1292769,3
3202,260,General Tire,1292769,3
3203,260,Nexen,1292769,3
3204,260,Sumitomo  ,1292769,3
3205,261,Michelin,1331200,5
3206,261,Bridgestone,1497600,4
3207,261,Goodyear,1331200,4
3208,261,Pirelli,1331200,4
3209,261,Yokohama,1248000,5
3210,261,Firestone,1164800,4
3211,261,Toyotires,1164800,4
3212,261,Kumho,1164800,3
3213,261,General Tire,1164800,3
3214,261,Nexen,1164800,3
3215,261,Maxxis,1164800,3
3216,261,Sumitomo  ,1164800,3
3217,262,Michelin,1379950,5
3218,262,Bridgestone,1552444,4
3219,262,Pirelli,1379950,4
3220,262,Dunlop,1207457,4
3221,262,Hankook,1207457,4
3222,262,Toyotires,1207457,4
3223,262,Cooper,1207457,4
3224,262,Kumho,1207457,3
3225,262,Nexen,1207457,3
3226,262,Maxxis,1207457,3
3227,263,Michelin,1428700,5
3228,263,Bridgestone,1607288,4
3229,263,Goodyear,1428700,4
3230,263,Pirelli,1428700,4
3231,263,Hankook,1250113,4
3232,263,Firestone,1250113,4
3233,263,Toyotires,1250113,4
3234,263,Kumho,1250113,3
3235,263,General Tire,1250113,3
3236,263,Cooper Tires,1250113,3
3237,263,Maxxis,1250113,3
3238,264,Michelin,1282450,5
3239,264,Bridgestone,1442757,4
3240,264,Pirelli,1282450,4
3241,264,Dunlop,1122144,4
3242,264,Yokohama,1202297,5
3243,264,Hankook,1122144,4
3244,264,Firestone,1122144,4
3245,264,Toyotires,1122144,4
3246,264,Cooper,1122144,4
3247,264,Nitto,1122144,3
3248,264,General Tire,1122144,3
3249,264,Cooper Tires,1122144,3
3250,264,Maxxis,1122144,3
3251,265,Michelin,1282450,5
3252,265,Bridgestone,1442757,4
3253,265,Goodyear,1282450,4
3254,265,Pirelli,1282450,4
3255,265,Continental,1122144,4
3256,265,Dunlop,1122144,4
3257,265,Yokohama,1202297,5
3258,265,Hankook,1122144,4
3259,265,Toyotires,1122144,4
3260,265,Cooper,1122144,4
3261,265,BFGoodrich,1282450,3
3262,265,Maxxis,1122144,3
3263,266,Michelin,1233700,5
3264,266,Bridgestone,1387913,4
3265,266,Goodyear,1233700,4
3266,266,Pirelli,1233700,4
3267,266,Continental,1079488,4
3268,266,Dunlop,1079488,4
3269,266,Yokohama,1156594,5
3270,266,Firestone,1079488,4
3271,266,Toyotires,1079488,4
3272,266,Nitto,1079488,3
3273,266,General Tire,1079488,3
3274,266,Nexen,1079488,3
3275,267,Michelin,1343150,5
3276,267,Bridgestone,1511044,4
3277,267,Pirelli,1343150,4
3278,267,Yokohama,1259204,5
3279,267,Toyotires,1175257,4
3280,267,Cooper,1175257,4
3281,267,Falken,1175257,3
3282,267,General Tire,1175257,3
3283,267,Nexen,1175257,3
3284,268,Michelin,1391900,5
3285,268,Bridgestone,1565888,4
3286,268,Pirelli,1391900,4
3287,268,Yokohama,1304907,5
3288,268,Hankook,1217913,4
3289,268,Firestone,1217913,4
3290,268,Toyotires,1217913,4
3291,268,Cooper,1217913,4
3292,268,BFGoodrich,1391900,3
3293,268,Nitto,1217913,3
3294,268,Sumitomo  ,1217913,3
3295,269,Bridgestone,1620732,4
3296,269,Pirelli,1440650,4
3297,269,Continental,1260569,4
3298,269,Dunlop,1260569,4
3299,269,Yokohama,1350610,5
3300,269,Hankook,1260569,4
3301,269,Firestone,1260569,4
3302,269,Toyotires,1260569,4
3303,269,Cooper,1260569,4
3304,269,Kumho,1260569,3
3305,269,General Tire,1260569,3
3306,270,Michelin,1343150,5
3307,270,Bridgestone,1511044,4
3308,270,Goodyear,1343150,4
3309,270,Pirelli,1343150,4
3310,270,Continental,1175257,4
3311,270,Yokohama,1259204,5
3312,270,Hankook,1175257,4
3313,270,Firestone,1175257,4
3314,270,Toyotires,1175257,4
3315,270,Cooper,1175257,4
3316,270,Nitto,1175257,3
3317,270,Cooper Tires,1175257,3
3318,271,Michelin,1391900,5
3319,271,Bridgestone,1565888,4
3320,271,Goodyear,1391900,4
3321,271,Continental,1217913,4
3322,271,Yokohama,1304907,5
3323,271,Hankook,1217913,4
3324,271,Firestone,1217913,4
3325,271,Toyotires,1217913,4
3326,271,Cooper,1217913,4
3327,271,BFGoodrich,1391900,3
3328,271,Falken,1217913,3
3329,271,General Tire,1217913,3
3330,271,Cooper Tires,1217913,3
3331,271,Maxxis,1217913,3
3332,271,Sumitomo  ,1217913,3
3333,272,Michelin,1440650,5
3334,272,Bridgestone,1620732,4
3335,272,Pirelli,1440650,4
3336,272,Continental,1260569,4
3337,272,Dunlop,1260569,4
3338,272,Firestone,1260569,4
3339,272,Kumho,1260569,3
3340,272,Falken,1260569,3
3341,272,General Tire,1260569,3
3342,272,Nexen,1260569,3
3343,272,Sumitomo  ,1260569,3
3344,273,Michelin,1489400,5
3345,273,Bridgestone,1675575,4
3346,273,Goodyear,1489400,4
3347,273,Pirelli,1489400,4
3348,273,Continental,1303225,4
3349,273,Dunlop,1303225,4
3350,273,Yokohama,1396313,5
3351,273,Toyotires,1303225,4
3352,273,Kumho,1303225,3
3353,273,Nitto,1303225,3
3354,273,General Tire,1303225,3
3355,273,Nexen,1303225,3
3356,273,Maxxis,1303225,3
3357,274,Michelin,1440650,5
3358,274,Bridgestone,1620732,4
3359,274,Pirelli,1440650,4
3360,274,Continental,1260569,4
3361,274,Yokohama,1350610,5
3362,274,Hankook,1260569,4
3363,274,Firestone,1260569,4
3364,274,Toyotires,1260569,4
3365,274,Cooper,1260569,4
3366,274,BFGoodrich,1440650,3
3367,274,Nitto,1260569,3
3368,274,Cooper Tires,1260569,3
3369,274,Maxxis,1260569,3
3370,275,Michelin,1391900,5
3371,275,Bridgestone,1565888,4
3372,275,Continental,1217913,4
3373,275,Firestone,1217913,4
3374,275,Toyotires,1217913,4
3375,275,Cooper,1217913,4
3376,275,BFGoodrich,1391900,3
3377,275,Falken,1217913,3
3378,275,General Tire,1217913,3
3379,275,Maxxis,1217913,3
3380,275,Sumitomo  ,1217913,3
3381,276,Michelin,1452600,5
3382,276,Bridgestone,1634175,4
3383,276,Continental,1271025,4
3384,276,Dunlop,1271025,4
3385,276,Hankook,1271025,4
3386,276,Firestone,1271025,4
3387,276,Cooper,1271025,4
3388,276,BFGoodrich,1452600,3
3389,276,Kumho,1271025,3
3390,276,Falken,1271025,3
3391,276,Nitto,1271025,3
3392,276,Nexen,1271025,3
3393,276,Cooper Tires,1271025,3
3394,276,Maxxis,1271025,3
3395,276,Sumitomo  ,1271025,3
3396,277,Michelin,1501350,5
3397,277,Bridgestone,1689019,4
3398,277,Goodyear,1501350,4
3399,277,Pirelli,1501350,4
3400,277,Continental,1313682,4
3401,277,Dunlop,1313682,4
3402,277,Yokohama,1407516,5
3403,277,Hankook,1313682,4
3404,277,Firestone,1313682,4
3405,277,Toyotires,1313682,4
3406,277,Kumho,1313682,3
3407,277,Nitto,1313682,3
3408,277,Cooper Tires,1313682,3
3409,278,Michelin,1501350,5
3410,278,Bridgestone,1689019,4
3411,278,Pirelli,1501350,4
3412,278,Continental,1313682,4
3413,278,Yokohama,1407516,5
3414,278,Hankook,1313682,4
3415,278,Firestone,1313682,4
3416,278,Toyotires,1313682,4
3417,278,BFGoodrich,1501350,3
3418,278,Kumho,1313682,3
3419,278,General Tire,1313682,3
3420,278,Sumitomo  ,1313682,3
3421,279,Michelin,1464549,5
3422,279,Bridgestone,1647618,4
3423,279,Goodyear,1464549,4
3424,279,Pirelli,1464549,4
3425,279,Continental,1281481,4
3426,279,Dunlop,1281481,4
3427,279,Yokohama,1373015,5
3428,279,Hankook,1281481,4
3429,279,Firestone,1281481,4
3430,279,Toyotires,1281481,4
3431,279,Nitto,1281481,3
3432,279,Nexen,1281481,3
3433,279,Cooper Tires,1281481,3
3434,279,Maxxis,1281481,3
3435,279,Sumitomo  ,1281481,3
3436,280,Michelin,1610799,5
3437,280,Bridgestone,1812149,4
3438,280,Goodyear,1610799,4
3439,280,Dunlop,1409450,4
3440,280,Yokohama,1510125,5
3441,280,Hankook,1409450,4
3442,280,Toyotires,1409450,4
3443,280,BFGoodrich,1610799,3
3444,280,Kumho,1409450,3
3445,280,Nitto,1409450,3
3446,280,General Tire,1409450,3
3447,280,Cooper Tires,1409450,3
3448,280,Sumitomo  ,1409450,3
3449,281,Michelin,1562049,5
3450,281,Goodyear,1562049,4
3451,281,Dunlop,1366793,4
3452,281,Yokohama,1464421,5
3453,281,Hankook,1366793,4
3454,281,Toyotires,1366793,4
3455,281,BFGoodrich,1562049,3
3456,281,Falken,1366793,3
3457,281,Nexen,1366793,3
3458,281,Maxxis,1366793,3
3459,281,Sumitomo  ,1366793,3
3460,282,Michelin,1610799,5
3461,282,Bridgestone,1812149,4
3462,282,Goodyear,1610799,4
3463,282,Pirelli,1610799,4
3464,282,Continental,1409450,4
3465,282,Dunlop,1409450,4
3466,282,Yokohama,1510125,5
3467,282,Hankook,1409450,4
3468,282,Firestone,1409450,4
3469,282,Toyotires,1409450,4
3470,282,Kumho,1409450,3
3471,282,Falken,1409450,3
3472,282,Nitto,1409450,3
3473,282,Nexen,1409450,3
3474,282,Cooper Tires,1409450,3
3475,282,Maxxis,1409450,3
3476,283,Michelin,1610799,5
3477,283,Bridgestone,1812149,4
3478,283,Goodyear,1610799,4
3479,283,Pirelli,1610799,4
3480,283,Continental,1409450,4
3481,283,Yokohama,1510125,5
3482,283,Hankook,1409450,4
3483,283,Toyotires,1409450,4
3484,283,BFGoodrich,1610799,3
3485,283,Falken,1409450,3
3486,283,General Tire,1409450,3
3487,283,Cooper Tires,1409450,3
3488,283,Sumitomo  ,1409450,3
3489,284,Michelin,1671500,5
3490,284,Bridgestone,1880438,4
3491,284,Continental,1462563,4
3492,284,Dunlop,1462563,4
3493,284,Hankook,1462563,4
3494,284,Firestone,1462563,4
3495,284,Toyotires,1462563,4
3496,284,BFGoodrich,1671500,3
3497,284,General Tire,1462563,3
3498,285,Michelin,1574000,5
3499,285,Bridgestone,1770750,4
3500,285,Goodyear,1574000,4
3501,285,Pirelli,1574000,4
3502,285,Continental,1377250,4
3503,285,Dunlop,1377250,4
3504,285,Yokohama,1475625,5
3505,285,Hankook,1377250,4
3506,285,Cooper,1377250,4
3507,285,Kumho,1377250,3
3508,285,Nexen,1377250,3
3509,285,Cooper Tires,1377250,3
3510,285,Maxxis,1377250,3
3511,285,Sumitomo  ,1377250,3
3512,286,Michelin,1622750,5
3513,286,Bridgestone,1825594,4
3514,286,Pirelli,1622750,4
3515,286,Continental,1419907,4
3516,286,Yokohama,1521329,5
3517,286,Hankook,1419907,4
3518,286,Firestone,1419907,4
3519,286,Toyotires,1419907,4
3520,286,BFGoodrich,1622750,3
3521,286,Falken,1419907,3
3522,286,Nexen,1419907,3
3523,286,Cooper Tires,1419907,3
3524,286,Maxxis,1419907,3
3525,287,Michelin,1769000,5
3526,287,Bridgestone,1990125,4
3527,287,Pirelli,1769000,4
3528,287,Dunlop,1547875,4
3529,287,Hankook,1547875,4
3530,287,Firestone,1547875,4
3531,287,Cooper,1547875,4
3532,287,BFGoodrich,1769000,3
3533,287,Kumho,1547875,3
3534,287,Falken,1547875,3
3535,287,Nitto,1547875,3
3536,287,General Tire,1547875,3
3537,287,Nexen,1547875,3
3538,287,Cooper Tires,1547875,3
3539,287,Maxxis,1547875,3
3540,288,Michelin,1720250,5
3541,288,Bridgestone,1935282,4
3542,288,Pirelli,1720250,4
3543,288,Dunlop,1505219,4
3544,288,Yokohama,1612735,5
3545,288,Hankook,1505219,4
3546,288,Firestone,1505219,4
3547,288,Toyotires,1505219,4
3548,288,Nitto,1505219,3
3549,288,General Tire,1505219,3
3550,288,Nexen,1505219,3
3551,289,Michelin,1585950,5
3552,289,Bridgestone,1784194,4
3553,289,Pirelli,1585950,4
3554,289,Continental,1387707,4
3555,289,Dunlop,1387707,4
3556,289,Hankook,1387707,4
3557,289,Firestone,1387707,4
3558,289,Toyotires,1387707,4
3559,289,Kumho,1387707,3
3560,289,Nitto,1387707,3
3561,289,General Tire,1387707,3
3562,289,Nexen,1387707,3
3563,290,Michelin,1683450,5
3564,290,Bridgestone,1893882,4
3565,290,Goodyear,1683450,4
3566,290,Pirelli,1683450,4
3567,290,Continental,1473019,4
3568,290,Dunlop,1473019,4
3569,290,Hankook,1473019,4
3570,290,Toyotires,1473019,4
3571,290,Cooper,1473019,4
3572,290,Kumho,1473019,3
3573,290,General Tire,1473019,3
3574,290,Nexen,1473019,3
3575,290,Sumitomo  ,1473019,3
3576,291,Michelin,1537200,5
3577,291,Bridgestone,1729350,4
3578,291,Goodyear,1537200,4
3579,291,Pirelli,1537200,4
3580,291,Dunlop,1345050,4
3581,291,Yokohama,1441125,5
3582,291,Hankook,1345050,4
3583,291,Toyotires,1345050,4
3584,291,General Tire,1345050,3
3585,291,Nexen,1345050,3
3586,291,Sumitomo  ,1345050,3
3587,292,Michelin,1695400,5
3588,292,Bridgestone,1907325,4
3589,292,Goodyear,1695400,4
3590,292,Pirelli,1695400,4
3591,292,Continental,1483475,4
3592,292,Yokohama,1589438,5
3593,292,Hankook,1483475,4
3594,292,Firestone,1483475,4
3595,292,Toyotires,1483475,4
3596,292,Nexen,1483475,3
3597,292,Sumitomo  ,1483475,3
