Id_llanta,Id_medida,Id_marca_llanta,Precio
1,1,1,140149
2,1,2,157668
3,1,6,122631
4,1,7,131390
5,1,8,122631
6,1,9,122631
7,1,11,122631
8,1,12,140149
9,1,16,122631
10,1,17,122631
11,2,1,188899
12,2,2,212512
13,2,4,188899
14,2,7,177093
15,2,8,165287
16,2,9,165287
17,2,11,165287
18,2,13,165287
19,2,16,165287
20,2,19,165287
21,3,1,188899
22,3,2,212512
23,3,3,188899
24,3,4,188899
25,3,5,165287
26,3,6,165287
27,3,8,165287
28,3,9,165287
29,3,10,165287
30,3,12,188899
31,3,13,165287
32,3,16,165287
33,3,17,165287
34,3,20,165287
35,4,1,347099
36,4,2,390487
37,4,4,347099
38,4,6,303712
39,4,7,325406
40,4,8,303712
41,4,9,303712
42,4,10,303712
43,4,11,303712
44,4,12,347099
45,4,14,303712
46,4,16,303712
47,4,18,303712
48,4,20,303712
49,5,1,249599
50,5,2,280799
51,5,3,249599
52,5,5,218400
53,5,7,234000
54,5,8,218400
55,5,9,218400
56,5,10,218400
57,5,19,218400
58,6,1,200849
59,6,2,225956
60,6,3,200849
61,6,4,200849
62,6,7,188296
63,6,8,175743
64,6,10,175743
65,6,12,200849
66,6,13,175743
67,6,18,175743
68,6,20,175743
69,7,1,249599
70,7,2,280799
71,7,4,249599
72,7,5,218400
73,7,7,234000
74,7,8,218400
75,7,9,218400
76,7,10,218400
77,7,12,249599
78,7,13,218400
79,7,14,218400
80,7,16,218400
81,7,17,218400
82,7,18,218400
83,8,1,298349
84,8,2,335643
85,8,3,298349
86,8,5,261056
87,8,6,261056
88,8,7,279703
89,8,8,261056
90,8,10,261056
91,8,11,261056
92,8,12,298349
93,8,13,261056
94,8,15,261056
95,8,18,261056
96,8,19,261056
97,9,1,542099
98,9,2,609862
99,9,3,542099
100,9,5,474337
101,9,7,508218
102,9,8,474337
103,9,10,474337
104,9,11,474337
105,9,15,474337
106,9,16,474337
107,9,18,474337
108,9,19,474337
109,10,1,200849
110,10,2,225956
111,10,4,200849
112,10,5,175743
113,10,8,175743
114,10,9,175743
115,10,10,175743
116,10,11,175743
117,10,15,175743
118,10,17,175743
119,10,18,175743
120,11,1,249599
121,11,2,280799
122,11,3,249599
123,11,4,249599
124,11,5,218400
125,11,7,234000
126,11,8,218400
127,11,10,218400
128,11,12,249599
129,11,13,218400
130,11,15,218400
131,11,17,218400
132,11,20,218400
133,12,1,347099
134,12,2,390487
135,12,3,347099
136,12,4,347099
137,12,5,303712
138,12,6,303712
139,12,8,303712
140,12,9,303712
141,12,10,303712
142,12,14,303712
143,12,15,303712
144,12,17,303712
145,12,20,303712
146,13,1,359049
147,13,2,403931
148,13,6,314168
149,13,7,336609
150,13,8,314168
151,13,9,314168
152,13,10,314168
153,13,11,314168
154,13,12,359049
155,13,14,314168
156,13,17,314168
157,13,19,314168
158,13,20,314168
159,14,1,359049
160,14,2,403931
161,14,3,359049
162,14,4,359049
163,14,6,314168
164,14,7,336609
165,14,8,314168
166,14,9,314168
167,14,10,314168
168,14,11,314168
169,14,12,359049
170,14,14,314168
171,14,15,314168
172,14,16,314168
173,14,17,314168
174,14,18,314168
175,15,1,407799
176,15,2,458774
177,15,6,356825
178,15,7,382312
179,15,10,356825
180,15,12,407799
181,15,20,356825
182,16,1,261549
183,16,2,294243
184,16,3,261549
185,16,4,261549
186,16,5,228856
187,16,7,245203
188,16,13,228856
189,16,14,228856
190,16,15,228856
191,16,17,228856
192,16,19,228856
193,17,1,310299
194,17,2,349087
195,17,3,310299
196,17,4,310299
197,17,5,271512
198,17,8,271512
199,17,9,271512
200,17,10,271512
201,17,12,310299
202,17,15,271512
203,17,18,271512
204,17,19,271512
205,18,1,359049
206,18,2,403931
207,18,3,359049
208,18,4,359049
209,18,6,314168
210,18,7,336609
211,18,10,314168
212,18,12,359049
213,18,13,314168
214,18,14,314168
215,18,15,314168
216,18,16,314168
217,18,18,314168
218,18,20,314168
219,19,1,310299
220,19,2,349087
221,19,5,271512
222,19,6,271512
223,19,8,271512
224,19,9,271512
225,19,10,271512
226,19,12,310299
227,19,13,271512
228,19,15,271512
229,19,18,271512
230,19,19,271512
231,19,20,271512
232,20,2,581906
233,20,3,517249
234,20,4,517249
235,20,5,452593
236,20,6,452593
237,20,9,452593
238,20,10,452593
239,20,11,452593
240,20,12,517249
241,20,13,452593
242,20,16,452593
243,20,17,452593
244,20,18,452593
245,20,19,452593
246,21,1,468499
247,21,2,527062
248,21,4,468499
249,21,5,409937
250,21,6,409937
251,21,7,439218
252,21,9,409937
253,21,10,409937
254,21,11,409937
255,21,14,409937
256,21,16,409937
257,21,17,409937
258,21,18,409937
259,21,19,409937
260,22,1,370999
261,22,5,324625
262,22,7,347812
263,22,8,324625
264,22,9,324625
265,22,10,324625
266,22,11,324625
267,22,15,324625
268,22,17,324625
269,22,18,324625
270,22,19,324625
271,22,20,324625
272,23,1,419749
273,23,2,472218
274,23,4,419749
275,23,5,367281
276,23,6,367281
277,23,7,393515
278,23,9,367281
279,23,10,367281
280,23,11,367281
281,23,14,367281
282,23,15,367281
283,23,16,367281
284,23,17,367281
285,23,18,367281
286,24,1,468499
287,24,2,527062
288,24,3,468499
289,24,4,468499
290,24,5,409937
291,24,7,439218
292,24,8,409937
293,24,9,409937
294,24,10,409937
295,24,11,409937
296,24,12,468499
297,24,13,409937
298,24,16,409937
299,24,17,409937
300,24,18,409937
301,24,19,409937
302,25,1,419749
303,25,2,472218
304,25,3,419749
305,25,4,419749
306,25,6,367281
307,25,7,393515
308,25,8,367281
309,25,9,367281
310,25,11,367281
311,25,12,419749
312,25,14,367281
313,25,16,367281
314,26,1,468499
315,26,2,527062
316,26,3,468499
317,26,4,468499
318,26,5,409937
319,26,6,409937
320,26,8,409937
321,26,9,409937
322,26,10,409937
323,26,16,409937
324,26,17,409937
325,26,18,409937
326,26,19,409937
327,26,20,409937
328,27,1,370999
329,27,2,417374
330,27,3,370999
331,27,6,324625
332,27,8,324625
333,27,9,324625
334,27,10,324625
335,27,11,324625
336,27,12,370999
337,27,15,324625
338,27,17,324625
339,27,18,324625
340,27,19,324625
341,27,20,324625
342,28,1,419749
343,28,2,472218
344,28,6,367281
345,28,7,393515
346,28,8,367281
347,28,9,367281
348,28,10,367281
349,28,12,419749
350,28,14,367281
351,28,16,367281
352,28,17,367281
353,28,20,367281
354,29,1,370999
355,29,2,417374
356,29,4,370999
357,29,7,347812
358,29,8,324625
359,29,9,324625
360,29,10,324625
361,29,13,324625
362,29,15,324625
363,29,16,324625
364,29,17,324625
365,29,18,324625
366,30,1,419749
367,30,2,472218
368,30,3,419749
369,30,4,419749
370,30,5,367281
371,30,7,393515
372,30,8,367281
373,30,9,367281
374,30,10,367281
375,30,18,367281
376,30,19,367281
377,31,1,517249
378,31,2,581906
379,31,3,517249
380,31,5,452593
381,31,6,452593
382,31,7,484921
383,31,9,452593
384,31,10,452593
385,31,12,517249
386,31,14,452593
387,31,15,452593
388,31,18,452593
389,31,20,452593
390,32,1,529200
391,32,2,595350
392,32,4,529200
393,32,6,463050
394,32,7,496125
395,32,8,463050
396,32,9,463050
397,32,10,463050
398,32,11,463050
399,32,13,463050
400,32,14,463050
401,32,16,463050
402,33,1,577950
403,33,2,650194
404,33,3,577950
405,33,5,505707
406,33,7,541829
407,33,8,505707
408,33,9,505707
409,33,10,505707
410,33,13,505707
411,33,17,505707
412,33,18,505707
413,34,1,431699
414,34,2,485662
415,34,3,431699
416,34,4,431699
417,34,5,377737
418,34,7,404718
419,34,8,377737
420,34,10,377737
421,34,11,377737
422,34,12,431699
423,34,16,377737
424,34,18,377737
425,35,1,480449
426,35,2,540506
427,35,4,480449
428,35,5,420393
429,35,6,420393
430,35,7,450421
431,35,9,420393
432,35,11,420393
433,35,12,480449
434,35,13,420393
435,35,18,420393
436,35,19,420393
437,35,20,420393
438,36,1,529200
439,36,2,595350
440,36,3,529200
441,36,6,463050
442,36,7,496125
443,36,8,463050
444,36,9,463050
445,36,10,463050
446,36,12,529200
447,36,15,463050
448,36,19,463050
449,36,20,463050
450,37,1,480449
451,37,2,540506
452,37,4,480449
453,37,6,420393
454,37,7,450421
455,37,8,420393
456,37,9,420393
457,37,10,420393
458,37,14,420393
459,37,16,420393
460,38,1,529200
461,38,2,595350
462,38,4,529200
463,38,8,463050
464,38,9,463050
465,38,10,463050
466,38,11,463050
467,38,14,463050
468,38,15,463050
469,38,16,463050
470,38,18,463050
471,38,19,463050
472,39,1,431699
473,39,2,485662
474,39,3,431699
475,39,4,431699
476,39,5,377737
477,39,6,377737
478,39,8,377737
479,39,9,377737
480,39,10,377737
481,39,11,377737
482,39,15,377737
483,39,18,377737
484,39,20,377737
485,40,1,480449
486,40,3,480449
487,40,5,420393
488,40,6,420393
489,40,7,450421
490,40,9,420393
491,40,10,420393
492,40,13,420393
493,40,16,420393
494,40,17,420393
495,41,1,480449
496,41,2,540506
497,41,3,480449
498,41,4,480449
499,41,5,420393
500,41,7,450421
501,41,8,420393
502,41,9,420393
503,41,10,420393
504,41,11,420393
505,41,13,420393
506,41,14,420393
507,41,15,420393
508,41,16,420393
509,41,19,420393
510,42,1,529200
511,42,2,595350
512,42,3,529200
513,42,4,529200
514,42,5,463050
515,42,9,463050
516,42,11,463050
517,42,12,529200
518,42,13,463050
519,42,17,463050
520,42,18,463050
521,43,1,620439
522,43,2,697994
523,43,5,542885
524,43,6,542885
525,43,10,542885
526,43,12,620439
527,43,14,542885
528,43,19,542885
529,44,1,638649
530,44,2,718481
531,44,3,638649
532,44,4,638649
533,44,5,558818
534,44,6,558818
535,44,7,598734
536,44,8,558818
537,44,9,558818
538,44,12,638649
539,44,15,558818
540,44,17,558818
541,45,1,589899
542,45,2,663637
543,45,3,589899
544,45,4,589899
545,45,6,516162
546,45,7,553031
547,45,8,516162
548,45,10,516162
549,45,12,589899
550,45,13,516162
551,45,16,516162
552,45,17,516162
553,45,18,516162
554,45,19,516162
555,46,1,638649
556,46,2,718481
557,46,4,638649
558,46,8,558818
559,46,9,558818
560,46,10,558818
561,46,13,558818
562,46,15,558818
563,46,16,558818
564,46,17,558818
565,46,19,558818
566,46,20,558818
567,47,1,833649
568,47,2,937856
569,47,4,833649
570,47,7,781546
571,47,9,729443
572,47,13,729443
573,47,15,729443
574,47,17,729443
575,47,18,729443
576,47,19,729443
577,47,20,729443
578,48,1,589899
579,48,2,663637
580,48,3,589899
581,48,6,516162
582,48,7,553031
583,48,8,516162
584,48,9,516162
585,48,11,516162
586,48,12,589899
587,48,15,516162
588,48,16,516162
589,48,18,516162
590,48,19,516162
591,48,20,516162
592,49,1,638649
593,49,2,718481
594,49,4,638649
595,49,5,558818
596,49,7,598734
597,49,8,558818
598,49,10,558818
599,49,11,558818
600,49,13,558818
601,49,14,558818
602,49,16,558818
603,49,17,558818
604,49,18,558818
605,49,20,558818
606,50,1,687399
607,50,2,773324
608,50,3,687399
609,50,4,687399
610,50,5,601475
611,50,6,601475
612,50,10,601475
613,50,11,601475
614,50,16,601475
615,51,1,541149
616,51,2,608793
617,51,3,541149
618,51,4,541149
619,51,5,473506
620,51,7,507328
621,51,8,473506
622,51,9,473506
623,51,12,541149
624,51,14,473506
625,51,15,473506
626,51,16,473506
627,51,18,473506
628,52,1,589899
629,52,2,663637
630,52,4,589899
631,52,5,516162
632,52,6,516162
633,52,7,553031
634,52,8,516162
635,52,9,516162
636,52,10,516162
637,52,14,516162
638,52,15,516162
639,52,17,516162
640,52,19,516162
641,53,1,638649
642,53,2,718481
643,53,3,638649
644,53,5,558818
645,53,6,558818
646,53,7,598734
647,53,10,558818
648,53,12,638649
649,53,13,558818
650,53,16,558818
651,53,17,558818
652,53,18,558818
653,53,20,558818
654,54,1,589899
655,54,2,663637
656,54,3,589899
657,54,5,516162
658,54,7,553031
659,54,11,516162
660,54,13,516162
661,54,15,516162
662,54,17,516162
663,54,20,516162
664,55,2,718481
665,55,3,638649
666,55,4,638649
667,55,5,558818
668,55,6,558818
669,55,8,558818
670,55,10,558818
671,55,11,558818
672,55,17,558818
673,55,19,558818
674,56,1,541149
675,56,2,608793
676,56,6,473506
677,56,7,507328
678,56,12,541149
679,56,17,473506
680,56,18,473506
681,56,20,473506
682,57,1,589899
683,57,2,663637
684,57,3,589899
685,57,4,589899
686,57,5,516162
687,57,6,516162
688,57,8,516162
689,57,9,516162
690,57,11,516162
691,57,19,516162
692,58,1,541149
693,58,2,608793
694,58,4,541149
695,58,5,473506
696,58,6,473506
697,58,7,507328
698,58,8,473506
699,58,9,473506
700,58,10,473506
701,58,12,541149
702,58,13,473506
703,58,15,473506
704,58,17,473506
705,58,18,473506
706,58,20,473506
707,59,1,638649
708,59,2,718481
709,59,3,638649
710,59,4,638649
711,59,5,558818
712,59,6,558818
713,59,8,558818
714,59,9,558818
715,59,10,558818
716,59,11,558818
717,59,16,558818
718,59,17,558818
719,59,19,558818
720,60,1,541149
721,60,2,608793
722,60,10,473506
723,60,14,473506
724,61,1,589899
725,61,2,663637
726,61,3,589899
727,61,4,589899
728,61,5,516162
729,61,7,553031
730,61,10,516162
731,61,11,516162
732,61,13,516162
733,61,14,516162
734,61,16,516162
735,61,19,516162
736,62,1,748100
737,62,2,841613
738,62,3,748100
739,62,6,654588
740,62,7,701344
741,62,8,654588
742,62,9,654588
743,62,10,654588
744,62,12,748100
745,62,13,654588
746,62,14,654588
747,62,17,654588
748,62,18,654588
749,62,19,654588
750,63,1,796850
751,63,2,896457
752,63,3,796850
753,63,6,697244
754,63,8,697244
755,63,11,697244
756,63,12,796850
757,63,13,697244
758,63,14,697244
759,63,15,697244
760,63,18,697244
761,63,19,697244
762,64,1,699350
763,64,2,786769
764,64,4,699350
765,64,5,611932
766,64,6,611932
767,64,7,655641
768,64,8,611932
769,64,11,611932
770,64,12,699350
771,64,14,611932
772,64,15,611932
773,64,16,611932
774,64,20,611932
775,65,1,748100
776,65,2,841613
777,65,3,748100
778,65,4,748100
779,65,5,654588
780,65,6,654588
781,65,7,701344
782,65,8,654588
783,65,9,654588
784,65,10,654588
785,65,14,654588
786,65,16,654588
787,65,19,654588
788,65,20,654588
789,66,1,650600
790,66,2,731925
791,66,5,569275
792,66,6,569275
793,66,10,569275
794,66,13,569275
795,66,15,569275
796,66,17,569275
797,66,18,569275
798,66,19,569275
799,66,20,569275
800,67,1,699350
801,67,2,786769
802,67,5,611932
803,67,6,611932
804,67,10,611932
805,67,14,611932
806,67,18,611932
807,68,1,748100
808,68,2,841613
809,68,3,748100
810,68,5,654588
811,68,6,654588
812,68,7,701344
813,68,8,654588
814,68,10,654588
815,68,13,654588
816,68,16,654588
817,68,18,654588
818,68,20,654588
819,69,1,650600
820,69,2,731925
821,69,3,650600
822,69,5,569275
823,69,6,569275
824,69,8,569275
825,69,9,569275
826,69,10,569275
827,69,12,650600
828,69,13,569275
829,69,14,569275
830,69,17,569275
831,69,20,569275
832,70,1,699350
833,70,2,786769
834,70,5,611932
835,70,6,611932
836,70,8,611932
837,70,9,611932
838,70,10,611932
839,70,11,611932
840,70,13,611932
841,70,14,611932
842,70,16,611932
843,70,17,611932
844,70,19,611932
845,71,1,748100
846,71,2,841613
847,71,4,748100
848,71,5,654588
849,71,6,654588
850,71,7,701344
851,71,9,654588
852,71,12,748100
853,71,13,654588
854,71,16,654588
855,71,18,654588
856,71,19,654588
857,71,20,654588
858,72,1,650600
859,72,2,731925
860,72,3,650600
861,72,4,650600
862,72,5,569275
863,72,6,569275
864,72,7,609938
865,72,8,569275
866,72,10,569275
867,72,11,569275
868,72,13,569275
869,72,14,569275
870,72,15,569275
871,72,16,569275
872,72,17,569275
873,72,18,569275
874,73,1,699350
875,73,2,786769
876,73,3,699350
877,73,5,611932
878,73,6,611932
879,73,7,655641
880,73,9,611932
881,73,11,611932
882,73,12,699350
883,73,14,611932
884,73,17,611932
885,73,19,611932
886,73,20,611932
887,74,1,650600
888,74,2,731925
889,74,3,650600
890,74,4,650600
891,74,5,569275
892,74,7,609938
893,74,8,569275
894,74,9,569275
895,74,14,569275
896,74,16,569275
897,75,1,699350
898,75,2,786769
899,75,3,699350
900,75,5,611932
901,75,6,611932
902,75,8,611932
903,75,9,611932
904,75,11,611932
905,75,16,611932
906,75,17,611932
907,75,19,611932
908,75,20,611932
909,76,1,650600
910,76,2,731925
911,76,3,650600
912,76,6,569275
913,76,7,609938
914,76,8,569275
915,76,12,650600
916,76,14,569275
917,76,15,569275
918,76,16,569275
919,76,18,569275
920,77,1,699350
921,77,2,786769
922,77,3,699350
923,77,6,611932
924,77,7,655641
925,77,9,611932
926,77,10,611932
927,77,11,611932
928,77,15,611932
929,77,16,611932
930,77,17,611932
931,77,19,611932
932,77,20,611932
933,78,1,650600
934,78,2,731925
935,78,4,650600
936,78,6,569275
937,78,9,569275
938,78,10,569275
939,78,11,569275
940,78,12,650600
941,78,15,569275
942,78,17,569275
943,78,19,569275
944,78,20,569275
945,79,1,699350
946,79,2,786769
947,79,3,699350
948,79,4,699350
949,79,5,611932
950,79,6,611932
951,79,7,655641
952,79,9,611932
953,79,13,611932
954,79,14,611932
955,79,15,611932
956,79,16,611932
957,79,17,611932
958,79,19,611932
959,80,1,699350
960,80,2,786769
961,80,3,699350
962,80,4,699350
963,80,5,611932
964,80,8,611932
965,80,11,611932
966,80,12,699350
967,80,16,611932
968,80,18,611932
969,80,20,611932
970,81,1,760050
971,81,2,855057
972,81,3,760050
973,81,5,665044
974,81,6,665044
975,81,9,665044
976,81,10,665044
977,81,11,665044
978,81,15,665044
979,81,17,665044
980,81,19,665044
981,82,2,964744
982,82,3,857550
983,82,5,750357
984,82,6,750357
985,82,7,803954
986,82,8,750357
987,82,10,750357
988,82,11,750357
989,82,12,857550
990,82,13,750357
991,82,15,750357
992,82,16,750357
993,82,17,750357
994,82,18,750357
995,82,19,750357
996,82,20,750357
997,83,1,760050
998,83,2,855057
999,83,3,760050
1000,83,4,760050
1001,83,5,665044
1002,83,6,665044
1003,83,7,712547
1004,83,12,760050
1005,83,13,665044
1006,83,18,665044
1007,84,1,808800
1008,84,2,909900
1009,84,5,707700
1010,84,6,707700
1011,84,7,758250
1012,84,8,707700
1013,84,9,707700
1014,84,12,808800
1015,84,14,707700
1016,84,15,707700
1017,85,1,857550
1018,85,2,964744
1019,85,3,857550
1020,85,4,857550
1021,85,5,750357
1022,85,8,750357
1023,85,9,750357
1024,85,10,750357
1025,85,13,750357
1026,85,14,750357
1027,85,15,750357
1028,85,16,750357
1029,85,18,750357
1030,85,19,750357
1031,86,1,955050
1032,86,2,1074432
1033,86,4,955050
1034,86,5,835669
1035,86,7,895360
1036,86,8,835669
1037,86,9,835669
1038,86,10,835669
1039,86,12,955050
1040,86,15,835669
1041,86,16,835669
1042,86,20,835669
1043,87,1,808800
1044,87,2,909900
1045,87,3,808800
1046,87,4,808800
1047,87,5,707700
1048,87,6,707700
1049,87,8,707700
1050,87,12,808800
1051,87,13,707700
1052,87,14,707700
1053,87,15,707700
1054,87,16,707700
1055,88,2,800213
1056,88,3,711300
1057,88,5,622388
1058,88,6,622388
1059,88,7,666844
1060,88,9,622388
1061,88,10,622388
1062,88,11,622388
1063,88,12,711300
1064,88,14,622388
1065,88,15,622388
1066,88,16,622388
1067,89,1,760050
1068,89,2,855057
1069,89,4,760050
1070,89,5,665044
1071,89,8,665044
1072,89,9,665044
1073,89,11,665044
1074,89,12,760050
1075,89,13,665044
1076,89,16,665044
1077,89,17,665044
1078,89,18,665044
1079,89,19,665044
1080,89,20,665044
1081,90,1,808800
1082,90,2,909900
1083,90,3,808800
1084,90,4,808800
1085,90,5,707700
1086,90,7,758250
1087,90,8,707700
1088,90,10,707700
1089,90,11,707700
1090,90,16,707700
1091,90,17,707700
1092,90,20,707700
1093,91,1,857550
1094,91,2,964744
1095,91,4,857550
1096,91,9,750357
1097,91,10,750357
1098,91,12,857550
1099,91,13,750357
1100,91,14,750357
1101,91,15,750357
1102,91,19,750357
1103,91,20,750357
1104,92,1,711300
1105,92,2,800213
1106,92,4,711300
1107,92,6,622388
1108,92,7,666844
1109,92,9,622388
1110,92,11,622388
1111,92,12,711300
1112,92,14,622388
1113,92,17,622388
1114,92,18,622388
1115,93,1,760050
1116,93,2,855057
1117,93,3,760050
1118,93,6,665044
1119,93,8,665044
1120,93,10,665044
1121,93,12,760050
1122,93,18,665044
1123,93,19,665044
1124,94,1,808800
1125,94,2,909900
1126,94,4,808800
1127,94,5,707700
1128,94,8,707700
1129,94,10,707700
1130,94,14,707700
1131,94,18,707700
1132,94,20,707700
1133,95,1,711300
1134,95,2,800213
1135,95,3,711300
1136,95,4,711300
1137,95,5,622388
1138,95,6,622388
1139,95,7,666844
1140,95,8,622388
1141,95,9,622388
1142,95,10,622388
1143,95,12,711300
1144,95,13,622388
1145,95,15,622388
1146,95,16,622388
1147,96,1,760050
1148,96,2,855057
1149,96,5,665044
1150,96,6,665044
1151,96,7,712547
1152,96,8,665044
1153,96,9,665044
1154,96,10,665044
1155,96,11,665044
1156,96,12,760050
1157,96,14,665044
1158,96,20,665044
1159,97,1,808800
1160,97,2,909900
1161,97,4,808800
1162,97,6,707700
1163,97,7,758250
1164,97,9,707700
1165,97,10,707700
1166,97,11,707700
1167,97,12,808800
1168,97,14,707700
1169,97,17,707700
1170,97,19,707700
1171,98,1,662550
1172,98,2,745369
1173,98,3,662550
1174,98,5,579732
1175,98,6,579732
1176,98,7,621141
1177,98,8,579732
1178,98,10,579732
1179,98,12,662550
1180,98,13,579732
1181,98,15,579732
1182,98,18,579732
1183,98,19,579732
1184,98,20,579732
1185,99,1,711300
1186,99,2,800213
1187,99,6,622388
1188,99,7,666844
1189,99,9,622388
1190,99,10,622388
1191,99,11,622388
1192,99,14,622388
1193,99,15,622388
1194,99,17,622388
1195,99,19,622388
1196,99,20,622388
1197,100,1,760050
1198,100,2,855057
1199,100,3,760050
1200,100,4,760050
1201,100,5,665044
1202,100,8,665044
1203,100,10,665044
1204,100,12,760050
1205,100,14,665044
1206,100,18,665044
1207,100,20,665044
1208,101,1,662550
1209,101,2,745369
1210,101,4,662550
1211,101,6,579732
1212,101,9,579732
1213,101,15,579732
1214,101,16,579732
1215,101,18,579732
1216,101,19,579732
1217,101,20,579732
1218,102,1,711300
1219,102,3,711300
1220,102,4,711300
1221,102,7,666844
1222,102,9,622388
1223,102,12,711300
1224,102,13,622388
1225,102,14,622388
1226,102,15,622388
1227,102,17,622388
1228,102,18,622388
1229,102,20,622388
1230,103,1,760050
1231,103,2,855057
1232,103,3,760050
1233,103,4,760050
1234,103,7,712547
1235,103,10,665044
1236,103,11,665044
1237,103,13,665044
1238,103,14,665044
1239,103,16,665044
1240,103,18,665044
1241,103,19,665044
1242,104,1,711300
1243,104,2,800213
1244,104,5,622388
1245,104,7,666844
1246,104,8,622388
1247,104,9,622388
1248,104,10,622388
1249,104,13,622388
1250,104,18,622388
1251,104,19,622388
1252,104,20,622388
1253,105,1,760050
1254,105,2,855057
1255,105,3,760050
1256,105,4,760050
1257,105,5,665044
1258,105,6,665044
1259,105,9,665044
1260,105,10,665044
1261,105,14,665044
1262,105,15,665044
1263,105,17,665044
1264,105,18,665044
1265,105,19,665044
1266,106,1,869499
1267,106,2,978187
1268,106,3,869499
1269,106,5,760812
1270,106,8,760812
1271,106,9,760812
1272,106,10,760812
1273,106,13,760812
1274,106,14,760812
1275,106,15,760812
1276,106,18,760812
1277,106,20,760812
1278,107,1,966999
1279,107,2,1087874
1280,107,3,966999
1281,107,7,906562
1282,107,13,846125
1283,107,14,846125
1284,107,18,846125
1285,108,1,918249
1286,108,2,1033031
1287,108,3,918249
1288,108,6,803468
1289,108,8,803468
1290,108,9,803468
1291,108,10,803468
1292,108,12,918249
1293,108,13,803468
1294,108,17,803468
1295,108,18,803468
1296,108,19,803468
1297,109,1,966999
1298,109,2,1087874
1299,109,3,966999
1300,109,5,846125
1301,109,8,846125
1302,109,9,846125
1303,109,11,846125
1304,109,12,966999
1305,109,14,846125
1306,109,15,846125
1307,109,16,846125
1308,109,20,846125
1309,110,1,869499
1310,110,2,978187
1311,110,3,869499
1312,110,4,869499
1313,110,5,760812
1314,110,6,760812
1315,110,8,760812
1316,110,9,760812
1317,110,11,760812
1318,110,12,869499
1319,110,17,760812
1320,111,1,918249
1321,111,2,1033031
1322,111,3,918249
1323,111,5,803468
1324,111,6,803468
1325,111,7,860859
1326,111,8,803468
1327,111,9,803468
1328,111,10,803468
1329,111,11,803468
1330,111,12,918249
1331,111,13,803468
1332,111,15,803468
1333,111,16,803468
1334,111,17,803468
1335,112,1,966999
1336,112,2,1087874
1337,112,3,966999
1338,112,5,846125
1339,112,6,846125
1340,112,7,906562
1341,112,8,846125
1342,112,9,846125
1343,112,11,846125
1344,112,12,966999
1345,112,14,846125
1346,112,16,846125
1347,113,1,820749
1348,113,2,923343
1349,113,3,820749
1350,113,4,820749
1351,113,7,769453
1352,113,8,718156
1353,113,9,718156
1354,113,10,718156
1355,113,11,718156
1356,113,12,820749
1357,113,14,718156
1358,113,18,718156
1359,113,19,718156
1360,113,20,718156
1361,114,1,869499
1362,114,2,978187
1363,114,4,869499
1364,114,5,760812
1365,114,6,760812
1366,114,7,815156
1367,114,8,760812
1368,114,9,760812
1369,114,10,760812
1370,114,14,760812
1371,114,16,760812
1372,114,19,760812
1373,114,20,760812
1374,115,1,918249
1375,115,2,1033031
1376,115,3,918249
1377,115,4,918249
1378,115,5,803468
1379,115,6,803468
1380,115,7,860859
1381,115,10,803468
1382,115,12,918249
1383,115,14,803468
1384,115,16,803468
1385,115,18,803468
1386,116,2,868499
1387,116,4,771999
1388,116,5,675500
1389,116,7,723750
1390,116,8,675500
1391,116,9,675500
1392,116,11,675500
1393,116,12,771999
1394,116,13,675500
1395,116,17,675500
1396,116,19,675500
1397,117,1,820749
1398,117,2,923343
1399,117,6,718156
1400,117,9,718156
1401,117,12,820749
1402,117,13,718156
1403,117,14,718156
1404,117,15,718156
1405,117,16,718156
1406,117,18,718156
1407,118,1,869499
1408,118,2,978187
1409,118,3,869499
1410,118,4,869499
1411,118,5,760812
1412,118,6,760812
1413,118,7,815156
1414,118,8,760812
1415,118,9,760812
1416,118,11,760812
1417,118,12,869499
1418,118,13,760812
1419,118,14,760812
1420,118,16,760812
1421,118,17,760812
1422,118,18,760812
1423,118,19,760812
1424,118,20,760812
1425,119,1,918249
1426,119,2,1033031
1427,119,3,918249
1428,119,5,803468
1429,119,6,803468
1430,119,7,860859
1431,119,8,803468
1432,119,9,803468
1433,119,11,803468
1434,119,13,803468
1435,119,14,803468
1436,119,15,803468
1437,119,19,803468
1438,120,1,966999
1439,120,2,1087874
1440,120,4,966999
1441,120,5,846125
1442,120,6,846125
1443,120,8,846125
1444,120,10,846125
1445,120,11,846125
1446,120,15,846125
1447,120,18,846125
1448,121,1,771999
1449,121,2,868499
1450,121,4,771999
1451,121,5,675500
1452,121,6,675500
1453,121,10,675500
1454,121,12,771999
1455,121,13,675500
1456,121,15,675500
1457,121,16,675500
1458,121,20,675500
1459,122,1,820749
1460,122,2,923343
1461,122,3,820749
1462,122,4,820749
1463,122,8,718156
1464,122,11,718156
1465,122,12,820749
1466,122,13,718156
1467,122,17,718156
1468,122,18,718156
1469,122,20,718156
1470,123,1,869499
1471,123,2,978187
1472,123,3,869499
1473,123,9,760812
1474,123,10,760812
1475,123,11,760812
1476,123,14,760812
1477,123,15,760812
1478,123,16,760812
1479,123,17,760812
1480,123,18,760812
1481,123,19,760812
1482,123,20,760812
1483,124,1,918249
1484,124,2,1033031
1485,124,3,918249
1486,124,5,803468
1487,124,6,803468
1488,124,7,860859
1489,124,8,803468
1490,124,9,803468
1491,124,10,803468
1492,124,12,918249
1493,124,15,803468
1494,124,16,803468
1495,124,18,803468
1496,124,20,803468
1497,125,1,820749
1498,125,2,923343
1499,125,3,820749
1500,125,4,820749
1501,125,5,718156
1502,125,8,718156
1503,125,9,718156
1504,125,10,718156
1505,125,14,718156
1506,125,17,718156
1507,126,1,869499
1508,126,2,978187
1509,126,3,869499
1510,126,4,869499
1511,126,6,760812
1512,126,8,760812
1513,126,12,869499
1514,126,13,760812
1515,126,15,760812
1516,126,16,760812
1517,126,17,760812
1518,126,20,760812
1519,127,1,918249
1520,127,2,1033031
1521,127,4,918249
1522,127,5,803468
1523,127,11,803468
1524,127,14,803468
1525,127,15,803468
1526,127,16,803468
1527,127,17,803468
1528,127,19,803468
1529,128,1,771999
1530,128,2,868499
1531,128,3,771999
1532,128,5,675500
1533,128,6,675500
1534,128,7,723750
1535,128,11,675500
1536,128,14,675500
1537,128,15,675500
1538,128,16,675500
1539,128,19,675500
1540,128,20,675500
1541,129,1,820749
1542,129,2,923343
1543,129,4,820749
1544,129,5,718156
1545,129,6,718156
1546,129,7,769453
1547,129,8,718156
1548,129,9,718156
1549,129,10,718156
1550,129,11,718156
1551,129,12,820749
1552,129,13,718156
1553,129,14,718156
1554,129,15,718156
1555,129,16,718156
1556,129,17,718156
1557,129,18,718156
1558,129,19,718156
1559,129,20,718156
1560,130,1,869499
1561,130,2,978187
1562,130,3,869499
1563,130,4,869499
1564,130,6,760812
1565,130,7,815156
1566,130,9,760812
1567,130,10,760812
1568,130,12,869499
1569,130,14,760812
1570,130,18,760812
1571,130,19,760812
1572,130,20,760812
1573,131,1,771999
1574,131,2,868499
1575,131,3,771999
1576,131,4,771999
1577,131,5,675500
1578,131,6,675500
1579,131,7,723750
1580,131,8,675500
1581,131,9,675500
1582,131,11,675500
1583,131,12,771999
1584,131,15,675500
1585,131,16,675500
1586,131,17,675500
1587,132,1,820749
1588,132,2,923343
1589,132,3,820749
1590,132,4,820749
1591,132,7,769453
1592,132,8,718156
1593,132,10,718156
1594,132,11,718156
1595,132,12,820749
1596,132,13,718156
1597,132,15,718156
1598,132,16,718156
1599,133,1,978950
1600,133,2,1101319
1601,133,4,978950
1602,133,5,856582
1603,133,7,917766
1604,133,11,856582
1605,133,13,856582
1606,133,15,856582
1607,133,18,856582
1608,133,19,856582
1609,134,1,1027700
1610,134,2,1156163
1611,134,3,1027700
1612,134,4,1027700
1613,134,5,899238
1614,134,9,899238
1615,134,10,899238
1616,134,11,899238
1617,134,13,899238
1618,134,15,899238
1619,134,16,899238
1620,134,17,899238
1621,134,19,899238
1622,134,20,899238
1623,135,1,1076450
1624,135,2,1211007
1625,135,3,1076450
1626,135,4,1076450
1627,135,6,941894
1628,135,8,941894
1629,135,12,1076450
1630,135,13,941894
1631,135,17,941894
1632,135,19,941894
1633,136,1,930200
1634,136,2,1046475
1635,136,4,930200
1636,136,5,813925
1637,136,7,872063
1638,136,8,813925
1639,136,9,813925
1640,136,10,813925
1641,136,11,813925
1642,136,14,813925
1643,136,15,813925
1644,136,16,813925
1645,136,18,813925
1646,136,20,813925
1647,137,1,978950
1648,137,2,1101319
1649,137,4,978950
1650,137,5,856582
1651,137,6,856582
1652,137,8,856582
1653,137,10,856582
1654,137,13,856582
1655,137,14,856582
1656,137,15,856582
1657,137,16,856582
1658,137,17,856582
1659,137,20,856582
1660,138,1,1027700
1661,138,2,1156163
1662,138,3,1027700
1663,138,4,1027700
1664,138,5,899238
1665,138,6,899238
1666,138,8,899238
1667,138,9,899238
1668,138,12,1027700
1669,138,14,899238
1670,138,15,899238
1671,138,19,899238
1672,139,1,1076450
1673,139,3,1076450
1674,139,4,1076450
1675,139,5,941894
1676,139,9,941894
1677,139,10,941894
1678,139,11,941894
1679,139,12,1076450
1680,139,14,941894
1681,139,15,941894
1682,140,1,930200
1683,140,2,1046475
1684,140,3,930200
1685,140,5,813925
1686,140,8,813925
1687,140,10,813925
1688,140,11,813925
1689,140,13,813925
1690,140,14,813925
1691,140,15,813925
1692,140,16,813925
1693,140,17,813925
1694,140,18,813925
1695,140,20,813925
1696,141,1,978950
1697,141,2,1101319
1698,141,3,978950
1699,141,4,978950
1700,141,5,856582
1701,141,8,856582
1702,141,9,856582
1703,141,11,856582
1704,141,14,856582
1705,141,17,856582
1706,141,19,856582
1707,142,1,1027700
1708,142,2,1156163
1709,142,6,899238
1710,142,7,963469
1711,142,8,899238
1712,142,9,899238
1713,142,10,899238
1714,142,11,899238
1715,142,12,1027700
1716,142,14,899238
1717,142,16,899238
1718,142,19,899238
1719,142,20,899238
1720,143,1,881450
1721,143,2,991632
1722,143,3,881450
1723,143,4,881450
1724,143,5,771269
1725,143,7,826360
1726,143,8,771269
1727,143,9,771269
1728,143,12,881450
1729,143,15,771269
1730,143,16,771269
1731,143,19,771269
1732,144,1,930200
1733,144,2,1046475
1734,144,3,930200
1735,144,4,930200
1736,144,6,813925
1737,144,9,813925
1738,144,10,813925
1739,144,11,813925
1740,144,12,930200
1741,144,16,813925
1742,144,19,813925
1743,144,20,813925
1744,145,1,978950
1745,145,2,1101319
1746,145,3,978950
1747,145,4,978950
1748,145,7,917766
1749,145,8,856582
1750,145,9,856582
1751,145,10,856582
1752,145,11,856582
1753,145,13,856582
1754,145,15,856582
1755,145,17,856582
1756,145,18,856582
1757,145,19,856582
1758,145,20,856582
1759,146,1,1027700
1760,146,2,1156163
1761,146,5,899238
1762,146,6,899238
1763,146,7,963469
1764,146,9,899238
1765,146,11,899238
1766,146,12,1027700
1767,146,14,899238
1768,146,16,899238
1769,146,18,899238
1770,146,19,899238
1771,146,20,899238
1772,147,1,930200
1773,147,2,1046475
1774,147,3,930200
1775,147,4,930200
1776,147,5,813925
1777,147,8,813925
1778,147,12,930200
1779,147,16,813925
1780,147,20,813925
1781,148,1,978950
1782,148,2,1101319
1783,148,3,978950
1784,148,4,978950
1785,148,5,856582
1786,148,6,856582
1787,148,7,917766
1788,148,8,856582
1789,148,10,856582
1790,148,11,856582
1791,148,12,978950
1792,148,13,856582
1793,148,15,856582
1794,148,17,856582
1795,148,19,856582
1796,149,1,1027700
1797,149,2,1156163
1798,149,3,1027700
1799,149,4,1027700
1800,149,6,899238
1801,149,7,963469
1802,149,10,899238
1803,149,15,899238
1804,149,20,899238
1805,150,1,1076450
1806,150,2,1211007
1807,150,3,1076450
1808,150,5,941894
1809,150,7,1009172
1810,150,8,941894
1811,150,9,941894
1812,150,10,941894
1813,150,15,941894
1814,150,16,941894
1815,150,18,941894
1816,151,1,881450
1817,151,2,991632
1818,151,5,771269
1819,151,7,826360
1820,151,8,771269
1821,151,13,771269
1822,151,15,771269
1823,151,17,771269
1824,151,18,771269
1825,151,19,771269
1826,151,20,771269
1827,152,1,930200
1828,152,2,1046475
1829,152,4,930200
1830,152,6,813925
1831,152,8,813925
1832,152,9,813925
1833,152,10,813925
1834,152,13,813925
1835,152,14,813925
1836,152,15,813925
1837,152,16,813925
1838,152,18,813925
1839,152,20,813925
1840,153,1,978950
1841,153,2,1101319
1842,153,3,978950
1843,153,4,978950
1844,153,7,917766
1845,153,8,856582
1846,153,9,856582
1847,153,10,856582
1848,153,11,856582
1849,153,12,978950
1850,153,13,856582
1851,153,14,856582
1852,153,16,856582
1853,153,17,856582
1854,153,18,856582
1855,153,19,856582
1856,154,1,930200
1857,154,2,1046475
1858,154,3,930200
1859,154,4,930200
1860,154,8,813925
1861,154,9,813925
1862,154,10,813925
1863,154,14,813925
1864,154,16,813925
1865,154,17,813925
1866,154,18,813925
1867,155,1,978950
1868,155,2,1101319
1869,155,5,856582
1870,155,7,917766
1871,155,8,856582
1872,155,9,856582
1873,155,11,856582
1874,155,13,856582
1875,155,19,856582
1876,156,1,881450
1877,156,2,991632
1878,156,3,881450
1879,156,4,881450
1880,156,5,771269
1881,156,7,826360
1882,156,10,771269
1883,156,11,771269
1884,156,14,771269
1885,156,17,771269
1886,156,19,771269
1887,156,20,771269
1888,157,1,832700
1889,157,2,936788
1890,157,3,832700
1891,157,4,832700
1892,157,5,728613
1893,157,6,728613
1894,157,7,780657
1895,157,9,728613
1896,157,10,728613
1897,157,12,832700
1898,157,13,728613
1899,157,17,728613
1900,157,18,728613
1901,157,19,728613
1902,157,20,728613
1903,158,1,881450
1904,158,2,991632
1905,158,3,881450
1906,158,4,881450
1907,158,5,771269
1908,158,6,771269
1909,158,7,826360
1910,158,11,771269
1911,158,12,881450
1912,158,14,771269
1913,158,16,771269
1914,158,17,771269
1915,158,19,771269
1916,159,1,881450
1917,159,2,991632
1918,159,3,881450
1919,159,5,771269
1920,159,8,771269
1921,159,11,771269
1922,159,14,771269
1923,159,15,771269
1924,159,17,771269
1925,159,18,771269
1926,159,19,771269
1927,160,1,1137150
1928,160,3,1137150
1929,160,4,1137150
1930,160,6,995007
1931,160,8,995007
1932,160,11,995007
1933,160,13,995007
1934,160,16,995007
1935,160,17,995007
1936,160,20,995007
1937,161,1,1039650
1938,161,2,1169607
1939,161,4,1039650
1940,161,5,909694
1941,161,6,909694
1942,161,7,974672
1943,161,8,909694
1944,161,11,909694
1945,161,17,909694
1946,161,20,909694
1947,162,1,1088400
1948,162,2,1224450
1949,162,3,1088400
1950,162,5,952350
1951,162,7,1020375
1952,162,8,952350
1953,162,9,952350
1954,162,10,952350
1955,162,11,952350
1956,162,12,1088400
1957,162,13,952350
1958,162,16,952350
1959,163,1,1137150
1960,163,2,1279294
1961,163,3,1137150
1962,163,4,1137150
1963,163,5,995007
1964,163,6,995007
1965,163,7,1066079
1966,163,8,995007
1967,163,9,995007
1968,163,10,995007
1969,163,12,1137150
1970,163,13,995007
1971,163,14,995007
1972,163,16,995007
1973,163,19,995007
1974,164,1,990900
1975,164,2,1114763
1976,164,3,990900
1977,164,8,867038
1978,164,10,867038
1979,164,11,867038
1980,164,13,867038
1981,164,14,867038
1982,164,15,867038
1983,164,16,867038
1984,164,18,867038
1985,164,19,867038
1986,165,1,1039650
1987,165,2,1169607
1988,165,4,1039650
1989,165,5,909694
1990,165,6,909694
1991,165,7,974672
1992,165,8,909694
1993,165,9,909694
1994,165,10,909694
1995,165,11,909694
1996,165,12,1039650
1997,165,17,909694
1998,166,1,1088400
1999,166,2,1224450
2000,166,3,1088400
2001,166,4,1088400
2002,166,5,952350
2003,166,6,952350
2004,166,7,1020375
2005,166,9,952350
2006,166,10,952350
2007,166,11,952350
2008,166,12,1088400
2009,166,13,952350
2010,166,14,952350
2011,166,16,952350
2012,166,17,952350
2013,166,19,952350
2014,166,20,952350
2015,167,1,1137150
2016,167,2,1279294
2017,167,3,1137150
2018,167,5,995007
2019,167,6,995007
2020,167,7,1066079
2021,167,8,995007
2022,167,9,995007
2023,167,10,995007
2024,167,11,995007
2025,167,16,995007
2026,167,17,995007
2027,167,18,995007
2028,167,20,995007
2029,168,1,942150
2030,168,2,1059919
2031,168,3,942150
2032,168,4,942150
2033,168,5,824382
2034,168,6,824382
2035,168,7,883266
2036,168,9,824382
2037,168,11,824382
2038,168,12,942150
2039,168,13,824382
2040,168,14,824382
2041,168,16,824382
2042,168,17,824382
2043,168,18,824382
2044,168,19,824382
2045,169,1,990900
2046,169,2,1114763
2047,169,3,990900
2048,169,4,990900
2049,169,5,867038
2050,169,7,928969
2051,169,8,867038
2052,169,10,867038
2053,169,12,990900
2054,169,13,867038
2055,169,14,867038
2056,169,15,867038
2057,169,16,867038
2058,169,17,867038
2059,169,19,867038
2060,170,1,1039650
2061,170,2,1169607
2062,170,5,909694
2063,170,6,909694
2064,170,7,974672
2065,170,8,909694
2066,170,9,909694
2067,170,10,909694
2068,170,11,909694
2069,170,15,909694
2070,170,16,909694
2071,170,18,909694
2072,171,1,1088400
2073,171,2,1224450
2074,171,4,1088400
2075,171,5,952350
2076,171,6,952350
2077,171,7,1020375
2078,171,8,952350
2079,171,9,952350
2080,171,10,952350
2081,171,13,952350
2082,171,14,952350
2083,171,15,952350
2084,171,16,952350
2085,172,1,1137150
2086,172,2,1279294
2087,172,3,1137150
2088,172,4,1137150
2089,172,5,995007
2090,172,6,995007
2091,172,7,1066079
2092,172,8,995007
2093,172,9,995007
2094,172,10,995007
2095,172,12,1137150
2096,172,13,995007
2097,172,16,995007
2098,172,18,995007
2099,172,19,995007
2100,173,1,990900
2101,173,2,1114763
2102,173,3,990900
2103,173,4,990900
2104,173,7,928969
2105,173,9,867038
2106,173,11,867038
2107,173,15,867038
2108,173,18,867038
2109,173,19,867038
2110,174,1,1039650
2111,174,2,1169607
2112,174,4,1039650
2113,174,5,909694
2114,174,6,909694
2115,174,10,909694
2116,174,14,909694
2117,174,17,909694
2118,174,19,909694
2119,175,1,990900
2120,175,2,1114763
2121,175,4,990900
2122,175,7,928969
2123,175,8,867038
2124,175,9,867038
2125,175,10,867038
2126,175,13,867038
2127,175,15,867038
2128,175,18,867038
2129,175,19,867038
2130,175,20,867038
2131,176,1,1039650
2132,176,2,1169607
2133,176,5,909694
2134,176,6,909694
2135,176,8,909694
2136,176,9,909694
2137,176,11,909694
2138,176,12,1039650
2139,176,14,909694
2140,176,18,909694
2141,176,19,909694
2142,176,20,909694
2143,177,1,990900
2144,177,2,1114763
2145,177,5,867038
2146,177,6,867038
2147,177,7,928969
2148,177,8,867038
2149,177,10,867038
2150,177,14,867038
2151,177,16,867038
2152,177,17,867038
2153,177,18,867038
2154,177,19,867038
2155,178,1,942150
2156,178,2,1059919
2157,178,3,942150
2158,178,4,942150
2159,178,5,824382
2160,178,6,824382
2161,178,7,883266
2162,178,8,824382
2163,178,10,824382
2164,178,12,942150
2165,178,13,824382
2166,178,15,824382
2167,178,17,824382
2168,178,20,824382
2169,179,1,942150
2170,179,2,1059919
2171,179,3,942150
2172,179,4,942150
2173,179,5,824382
2174,179,7,883266
2175,179,8,824382
2176,179,9,824382
2177,179,14,824382
2178,179,15,824382
2179,179,16,824382
2180,179,19,824382
2181,179,20,824382
2182,180,1,990900
2183,180,2,1114763
2184,180,3,990900
2185,180,4,990900
2186,180,5,867038
2187,180,8,867038
2188,180,9,867038
2189,180,11,867038
2190,180,12,990900
2191,180,17,867038
2192,180,18,867038
2193,180,20,867038
2194,181,1,1149100
2195,181,2,1292738
2196,181,3,1149100
2197,181,4,1149100
2198,181,6,1005463
2199,181,7,1077282
2200,181,8,1005463
2201,181,9,1005463
2202,181,11,1005463
2203,181,12,1149100
2204,181,13,1005463
2205,181,14,1005463
2206,181,16,1005463
2207,181,18,1005463
2208,181,19,1005463
2209,182,1,1100350
2210,182,2,1237894
2211,182,3,1100350
2212,182,4,1100350
2213,182,5,962807
2214,182,7,1031579
2215,182,8,962807
2216,182,9,962807
2217,182,10,962807
2218,182,11,962807
2219,182,12,1100350
2220,182,17,962807
2221,182,18,962807
2222,183,1,1149100
2223,183,2,1292738
2224,183,3,1149100
2225,183,6,1005463
2226,183,7,1077282
2227,183,8,1005463
2228,183,9,1005463
2229,183,10,1005463
2230,183,11,1005463
2231,183,12,1149100
2232,183,17,1005463
2233,183,20,1005463
2234,184,1,1197850
2235,184,2,1347582
2236,184,3,1197850
2237,184,7,1122985
2238,184,9,1048119
2239,184,11,1048119
2240,184,12,1197850
2241,184,13,1048119
2242,184,14,1048119
2243,184,15,1048119
2244,184,18,1048119
2245,184,19,1048119
2246,184,20,1048119
2247,185,1,1002850
2248,185,2,1128207
2249,185,4,1002850
2250,185,5,877494
2251,185,6,877494
2252,185,9,877494
2253,185,12,1002850
2254,185,13,877494
2255,185,16,877494
2256,185,17,877494
2257,185,19,877494
2258,186,1,1051600
2259,186,4,1051600
2260,186,6,920150
2261,186,7,985875
2262,186,8,920150
2263,186,9,920150
2264,186,10,920150
2265,186,11,920150
2266,186,12,1051600
2267,186,13,920150
2268,186,14,920150
2269,186,16,920150
2270,186,19,920150
2271,186,20,920150
2272,187,1,1100350
2273,187,2,1237894
2274,187,3,1100350
2275,187,4,1100350
2276,187,5,962807
2277,187,6,962807
2278,187,7,1031579
2279,187,8,962807
2280,187,9,962807
2281,187,10,962807
2282,187,11,962807
2283,187,12,1100350
2284,187,17,962807
2285,187,18,962807
2286,187,19,962807
2287,187,20,962807
2288,188,1,1149100
2289,188,2,1292738
2290,188,3,1149100
2291,188,6,1005463
2292,188,8,1005463
2293,188,9,1005463
2294,188,10,1005463
2295,188,11,1005463
2296,188,12,1149100
2297,188,13,1005463
2298,188,17,1005463
2299,188,19,1005463
2300,188,20,1005463
2301,189,1,1197850
2302,189,4,1197850
2303,189,7,1122985
2304,189,10,1048119
2305,189,12,1197850
2306,189,15,1048119
2307,189,18,1048119
2308,189,20,1048119
2309,190,1,1051600
2310,190,2,1183050
2311,190,3,1051600
2312,190,4,1051600
2313,190,6,920150
2314,190,7,985875
2315,190,9,920150
2316,190,10,920150
2317,190,12,1051600
2318,190,15,920150
2319,190,18,920150
2320,191,1,1100350
2321,191,2,1237894
2322,191,3,1100350
2323,191,4,1100350
2324,191,6,962807
2325,191,7,1031579
2326,191,8,962807
2327,191,9,962807
2328,191,10,962807
2329,191,11,962807
2330,191,18,962807
2331,191,19,962807
2332,191,20,962807
2333,192,1,1149100
2334,192,2,1292738
2335,192,3,1149100
2336,192,4,1149100
2337,192,5,1005463
2338,192,6,1005463
2339,192,10,1005463
2340,192,11,1005463
2341,192,12,1149100
2342,192,16,1005463
2343,192,17,1005463
2344,192,19,1005463
2345,192,20,1005463
2346,193,1,1197850
2347,193,2,1347582
2348,193,4,1197850
2349,193,5,1048119
2350,193,6,1048119
2351,193,7,1122985
2352,193,8,1048119
2353,193,9,1048119
2354,193,14,1048119
2355,193,19,1048119
2356,194,1,1149100
2357,194,2,1292738
2358,194,5,1005463
2359,194,6,1005463
2360,194,8,1005463
2361,194,10,1005463
2362,194,12,1149100
2363,194,13,1005463
2364,194,14,1005463
2365,194,16,1005463
2366,194,17,1005463
2367,194,18,1005463
2368,194,20,1005463
2369,195,1,1197850
2370,195,2,1347582
2371,195,3,1197850
2372,195,4,1197850
2373,195,7,1122985
2374,195,9,1048119
2375,195,10,1048119
2376,195,15,1048119
2377,195,16,1048119
2378,195,18,1048119
2379,195,19,1048119
2380,196,1,1002850
2381,196,2,1128207
2382,196,3,1002850
2383,196,4,1002850
2384,196,5,877494
2385,196,6,877494
2386,196,8,877494
2387,196,9,877494
2388,196,12,1002850
2389,196,15,877494
2390,196,16,877494
2391,196,19,877494
2392,197,1,1100350
2393,197,2,1237894
2394,197,3,1100350
2395,197,6,962807
2396,197,8,962807
2397,197,9,962807
2398,197,10,962807
2399,197,13,962807
2400,197,14,962807
2401,197,16,962807
2402,197,17,962807
2403,197,18,962807
2404,198,1,1149100
2405,198,2,1292738
2406,198,3,1149100
2407,198,4,1149100
2408,198,5,1005463
2409,198,6,1005463
2410,198,7,1077282
2411,198,8,1005463
2412,198,9,1005463
2413,198,11,1005463
2414,198,12,1149100
2415,198,14,1005463
2416,198,15,1005463
2417,198,19,1005463
2418,199,1,1197850
2419,199,2,1347582
2420,199,5,1048119
2421,199,6,1048119
2422,199,7,1122985
2423,199,8,1048119
2424,199,10,1048119
2425,199,12,1197850
2426,199,14,1048119
2427,199,15,1048119
2428,199,16,1048119
2429,199,18,1048119
2430,199,19,1048119
2431,200,1,1051600
2432,200,2,1183050
2433,200,4,1051600
2434,200,5,920150
2435,200,6,920150
2436,200,7,985875
2437,200,8,920150
2438,200,9,920150
2439,200,10,920150
2440,200,11,920150
2441,200,13,920150
2442,200,14,920150
2443,200,15,920150
2444,200,16,920150
2445,200,18,920150
2446,200,19,920150
2447,201,1,1100350
2448,201,3,1100350
2449,201,4,1100350
2450,201,5,962807
2451,201,6,962807
2452,201,8,962807
2453,201,9,962807
2454,201,10,962807
2455,201,12,1100350
2456,201,13,962807
2457,201,16,962807
2458,201,18,962807
2459,202,1,1002850
2460,202,2,1128207
2461,202,3,1002850
2462,202,4,1002850
2463,202,5,877494
2464,202,6,877494
2465,202,7,940172
2466,202,9,877494
2467,202,12,1002850
2468,202,14,877494
2469,202,15,877494
2470,202,16,877494
2471,203,2,1183050
2472,203,3,1051600
2473,203,7,985875
2474,203,8,920150
2475,203,12,1051600
2476,203,17,920150
2477,203,18,920150
2478,203,19,920150
2479,204,1,954100
2480,204,2,1073363
2481,204,4,954100
2482,204,5,834838
2483,204,7,894469
2484,204,8,834838
2485,204,9,834838
2486,204,10,834838
2487,204,12,954100
2488,204,13,834838
2489,204,14,834838
2490,204,16,834838
2491,204,18,834838
2492,205,1,1002850
2493,205,2,1128207
2494,205,4,1002850
2495,205,5,877494
2496,205,6,877494
2497,205,8,877494
2498,205,9,877494
2499,205,10,877494
2500,205,14,877494
2501,205,15,877494
2502,205,17,877494
2503,205,19,877494
2504,206,1,954100
2505,206,2,1073363
2506,206,4,954100
2507,206,5,834838
2508,206,6,834838
2509,206,7,894469
2510,206,8,834838
2511,206,9,834838
2512,206,10,834838
2513,206,11,834838
2514,206,12,954100
2515,206,16,834838
2516,206,19,834838
2517,207,1,1051600
2518,207,2,1183050
2519,207,3,1051600
2520,207,4,1051600
2521,207,5,920150
2522,207,9,920150
2523,207,10,920150
2524,207,11,920150
2525,207,14,920150
2526,207,18,920150
2527,207,20,920150
2528,208,1,1258550
2529,208,2,1415869
2530,208,3,1258550
2531,208,4,1258550
2532,208,5,1101232
2533,208,7,1179891
2534,208,8,1101232
2535,208,9,1101232
2536,208,10,1101232
2537,208,11,1101232
2538,208,14,1101232
2539,208,15,1101232
2540,208,16,1101232
2541,208,19,1101232
2542,208,20,1101232
2543,209,1,1161050
2544,209,2,1306182
2545,209,3,1161050
2546,209,5,1015919
2547,209,6,1015919
2548,209,7,1088485
2549,209,9,1015919
2550,209,11,1015919
2551,209,12,1161050
2552,209,13,1015919
2553,209,14,1015919
2554,209,16,1015919
2555,209,20,1015919
2556,210,1,1209800
2557,210,2,1361025
2558,210,3,1209800
2559,210,5,1058575
2560,210,6,1058575
2561,210,7,1134188
2562,210,8,1058575
2563,210,9,1058575
2564,210,13,1058575
2565,210,14,1058575
2566,210,17,1058575
2567,210,18,1058575
2568,211,1,1258550
2569,211,2,1415869
2570,211,3,1258550
2571,211,5,1101232
2572,211,7,1179891
2573,211,8,1101232
2574,211,9,1101232
2575,211,10,1101232
2576,211,11,1101232
2577,211,12,1258550
2578,211,13,1101232
2579,211,15,1101232
2580,211,16,1101232
2581,211,17,1101232
2582,211,18,1101232
2583,211,20,1101232
2584,212,1,1112300
2585,212,2,1251338
2586,212,3,1112300
2587,212,4,1112300
2588,212,5,973263
2589,212,6,973263
2590,212,7,1042782
2591,212,8,973263
2592,212,10,973263
2593,212,13,973263
2594,212,15,973263
2595,212,20,973263
2596,213,1,1161050
2597,213,2,1306182
2598,213,3,1161050
2599,213,4,1161050
2600,213,6,1015919
2601,213,8,1015919
2602,213,9,1015919
2603,213,10,1015919
2604,213,13,1015919
2605,213,14,1015919
2606,213,15,1015919
2607,213,16,1015919
2608,213,19,1015919
2609,213,20,1015919
2610,214,1,1209800
2611,214,2,1361025
2612,214,4,1209800
2613,214,5,1058575
2614,214,6,1058575
2615,214,7,1134188
2616,214,8,1058575
2617,214,10,1058575
2618,214,12,1209800
2619,214,13,1058575
2620,214,14,1058575
2621,214,15,1058575
2622,214,18,1058575
2623,214,19,1058575
2624,214,20,1058575
2625,215,1,1258550
2626,215,2,1415869
2627,215,5,1101232
2628,215,6,1101232
2629,215,7,1179891
2630,215,8,1101232
2631,215,9,1101232
2632,215,10,1101232
2633,215,14,1101232
2634,215,15,1101232
2635,215,16,1101232
2636,215,18,1101232
2637,215,19,1101232
2638,215,20,1101232
2639,216,1,1307300
2640,216,2,1470713
2641,216,3,1307300
2642,216,4,1307300
2643,216,7,1225594
2644,216,8,1143888
2645,216,9,1143888
2646,216,10,1143888
2647,216,12,1307300
2648,216,14,1143888
2649,216,15,1143888
2650,216,20,1143888
2651,217,1,1356050
2652,217,2,1525557
2653,217,4,1356050
2654,217,5,1186544
2655,217,6,1186544
2656,217,9,1186544
2657,217,10,1186544
2658,217,12,1356050
2659,217,13,1186544
2660,217,14,1186544
2661,217,16,1186544
2662,217,17,1186544
2663,217,18,1186544
2664,218,1,1161050
2665,218,2,1306182
2666,218,4,1161050
2667,218,5,1015919
2668,218,6,1015919
2669,218,9,1015919
2670,218,12,1161050
2671,218,15,1015919
2672,218,16,1015919
2673,218,17,1015919
2674,218,20,1015919
2675,219,1,1258550
2676,219,2,1415869
2677,219,3,1258550
2678,219,4,1258550
2679,219,5,1101232
2680,219,6,1101232
2681,219,7,1179891
2682,219,8,1101232
2683,219,9,1101232
2684,219,10,1101232
2685,219,11,1101232
2686,219,12,1258550
2687,219,16,1101232
2688,219,17,1101232
2689,219,19,1101232
2690,220,1,1307300
2691,220,2,1470713
2692,220,3,1307300
2693,220,11,1143888
2694,220,13,1143888
2695,220,14,1143888
2696,220,15,1143888
2697,220,16,1143888
2698,220,17,1143888
2699,220,19,1143888
2700,220,20,1143888
2701,221,1,1209800
2702,221,2,1361025
2703,221,3,1209800
2704,221,5,1058575
2705,221,6,1058575
2706,221,7,1134188
2707,221,8,1058575
2708,221,9,1058575
2709,221,11,1058575
2710,221,13,1058575
2711,221,14,1058575
2712,221,20,1058575
2713,222,1,1161050
2714,222,2,1306182
2715,222,3,1161050
2716,222,5,1015919
2717,222,7,1088485
2718,222,9,1015919
2719,222,10,1015919
2720,222,14,1015919
2721,222,15,1015919
2722,222,16,1015919
2723,222,17,1015919
2724,222,20,1015919
2725,223,1,1112300
2726,223,2,1251338
2727,223,3,1112300
2728,223,4,1112300
2729,223,6,973263
2730,223,7,1042782
2731,223,8,973263
2732,223,9,973263
2733,223,11,973263
2734,223,12,1112300
2735,223,13,973263
2736,223,14,973263
2737,223,15,973263
2738,223,17,973263
2739,223,19,973263
2740,224,1,1161050
2741,224,2,1306182
2742,224,5,1015919
2743,224,6,1015919
2744,224,10,1015919
2745,224,11,1015919
2746,224,13,1015919
2747,224,15,1015919
2748,224,16,1015919
2749,224,17,1015919
2750,224,19,1015919
2751,224,20,1015919
2752,225,1,1014799
2753,225,2,1141649
2754,225,3,1014799
2755,225,4,1014799
2756,225,9,887950
2757,225,10,887950
2758,225,12,1014799
2759,225,20,887950
2760,226,2,1196494
2761,226,3,1063550
2762,226,5,930607
2763,226,7,997079
2764,226,8,930607
2765,226,9,930607
2766,226,10,930607
2767,226,11,930607
2768,226,12,1063550
2769,226,17,930607
2770,226,18,930607
2771,226,19,930607
2772,227,1,1112300
2773,227,2,1251338
2774,227,3,1112300
2775,227,4,1112300
2776,227,5,973263
2777,227,6,973263
2778,227,9,973263
2779,227,10,973263
2780,227,11,973263
2781,227,12,1112300
2782,227,14,973263
2783,227,19,973263
2784,227,20,973263
2785,228,1,1161050
2786,228,2,1306182
2787,228,3,1161050
2788,228,4,1161050
2789,228,6,1015919
2790,228,8,1015919
2791,228,11,1015919
2792,228,13,1015919
2793,228,15,1015919
2794,229,1,1063550
2795,229,2,1196494
2796,229,3,1063550
2797,229,5,930607
2798,229,6,930607
2799,229,7,997079
2800,229,8,930607
2801,229,9,930607
2802,229,10,930607
2803,229,11,930607
2804,229,15,930607
2805,229,16,930607
2806,229,18,930607
2807,230,1,1319249
2808,230,2,1484156
2809,230,3,1319249
2810,230,4,1319249
2811,230,6,1154343
2812,230,9,1154343
2813,230,10,1154343
2814,230,11,1154343
2815,230,15,1154343
2816,230,17,1154343
2817,230,18,1154343
2818,230,19,1154343
2819,230,20,1154343
2820,231,1,1367999
2821,231,2,1538999
2822,231,3,1367999
2823,231,4,1367999
2824,231,8,1197000
2825,231,9,1197000
2826,231,10,1197000
2827,231,11,1197000
2828,231,12,1367999
2829,231,13,1197000
2830,231,14,1197000
2831,231,15,1197000
2832,231,16,1197000
2833,231,17,1197000
2834,231,18,1197000
2835,231,19,1197000
2836,231,20,1197000
2837,232,1,1221749
2838,232,2,1374468
2839,232,3,1221749
2840,232,4,1221749
2841,232,5,1069031
2842,232,6,1069031
2843,232,7,1145390
2844,232,8,1069031
2845,232,9,1069031
2846,232,10,1069031
2847,232,11,1069031
2848,232,12,1221749
2849,232,13,1069031
2850,232,14,1069031
2851,232,16,1069031
2852,232,17,1069031
2853,232,18,1069031
2854,232,19,1069031
2855,233,1,1270499
2856,233,2,1429312
2857,233,3,1270499
2858,233,5,1111687
2859,233,6,1111687
2860,233,7,1191093
2861,233,8,1111687
2862,233,9,1111687
2863,233,11,1111687
2864,233,13,1111687
2865,233,14,1111687
2866,233,16,1111687
2867,233,17,1111687
2868,233,19,1111687
2869,234,1,1319249
2870,234,2,1484156
2871,234,3,1319249
2872,234,4,1319249
2873,234,5,1154343
2874,234,7,1236796
2875,234,9,1154343
2876,234,11,1154343
2877,234,12,1319249
2878,234,13,1154343
2879,234,15,1154343
2880,234,18,1154343
2881,234,19,1154343
2882,235,1,1367999
2883,235,2,1538999
2884,235,3,1367999
2885,235,4,1367999
2886,235,7,1282500
2887,235,9,1197000
2888,235,10,1197000
2889,235,11,1197000
2890,235,12,1367999
2891,235,14,1197000
2892,235,17,1197000
2893,235,18,1197000
2894,235,20,1197000
2895,236,1,1172999
2896,236,2,1319624
2897,236,5,1026375
2898,236,6,1026375
2899,236,8,1026375
2900,236,9,1026375
2901,236,11,1026375
2902,236,13,1026375
2903,236,15,1026375
2904,236,16,1026375
2905,236,17,1026375
2906,236,18,1026375
2907,237,1,1221749
2908,237,2,1374468
2909,237,3,1221749
2910,237,5,1069031
2911,237,6,1069031
2912,237,7,1145390
2913,237,8,1069031
2914,237,9,1069031
2915,237,10,1069031
2916,237,13,1069031
2917,237,14,1069031
2918,237,15,1069031
2919,237,16,1069031
2920,237,20,1069031
2921,238,1,1270499
2922,238,2,1429312
2923,238,3,1270499
2924,238,4,1270499
2925,238,6,1111687
2926,238,7,1191093
2927,238,11,1111687
2928,238,14,1111687
2929,238,15,1111687
2930,238,17,1111687
2931,238,20,1111687
2932,239,1,1319249
2933,239,2,1484156
2934,239,3,1319249
2935,239,5,1154343
2936,239,6,1154343
2937,239,7,1236796
2938,239,8,1154343
2939,239,10,1154343
2940,239,11,1154343
2941,239,12,1319249
2942,239,13,1154343
2943,239,14,1154343
2944,239,18,1154343
2945,239,19,1154343
2946,240,1,1221749
2947,240,2,1374468
2948,240,5,1069031
2949,240,7,1145390
2950,240,10,1069031
2951,240,16,1069031
2952,240,17,1069031
2953,240,18,1069031
2954,240,19,1069031
2955,241,1,1319249
2956,241,2,1484156
2957,241,3,1319249
2958,241,4,1319249
2959,241,5,1154343
2960,241,7,1236796
2961,241,8,1154343
2962,241,9,1154343
2963,241,10,1154343
2964,241,14,1154343
2965,241,15,1154343
2966,241,17,1154343
2967,241,18,1154343
2968,241,19,1154343
2969,242,1,1367999
2970,242,2,1538999
2971,242,3,1367999
2972,242,4,1367999
2973,242,5,1197000
2974,242,6,1197000
2975,242,7,1282500
2976,242,10,1197000
2977,242,11,1197000
2978,242,12,1367999
2979,242,16,1197000
2980,242,17,1197000
2981,243,1,1270499
2982,243,2,1429312
2983,243,3,1270499
2984,243,4,1270499
2985,243,6,1111687
2986,243,7,1191093
2987,243,8,1111687
2988,243,9,1111687
2989,243,10,1111687
2990,243,11,1111687
2991,243,12,1270499
2992,243,14,1111687
2993,243,15,1111687
2994,243,16,1111687
2995,243,17,1111687
2996,243,20,1111687
2997,244,1,1319249
2998,244,2,1484156
2999,244,3,1319249
3000,244,4,1319249
3001,244,5,1154343
3002,244,6,1154343
3003,244,7,1236796
3004,244,9,1154343
3005,244,10,1154343
3006,244,11,1154343
3007,244,12,1319249
3008,244,13,1154343
3009,244,14,1154343
3010,244,15,1154343
3011,244,16,1154343
3012,244,17,1154343
3013,245,1,1172999
3014,245,2,1319624
3015,245,3,1172999
3016,245,7,1099687
3017,245,8,1026375
3018,245,10,1026375
3019,245,11,1026375
3020,245,13,1026375
3021,245,17,1026375
3022,246,1,1319249
3023,246,2,1484156
3024,246,4,1319249
3025,246,5,1154343
3026,246,6,1154343
3027,246,7,1236796
3028,246,9,1154343
3029,246,11,1154343
3030,246,12,1319249
3031,246,14,1154343
3032,246,15,1154343
3033,246,17,1154343
3034,246,19,1154343
3035,247,1,1172999
3036,247,2,1319624
3037,247,3,1172999
3038,247,6,1026375
3039,247,8,1026375
3040,247,9,1026375
3041,247,13,1026375
3042,247,18,1026375
3043,247,19,1026375
3044,247,20,1026375
3045,248,1,1124249
3046,248,2,1264781
3047,248,4,1124249
3048,248,6,983718
3049,248,7,1053984
3050,248,11,983718
3051,248,13,983718
3052,248,15,983718
3053,248,16,983718
3054,248,17,983718
3055,248,18,983718
3056,248,19,983718
3057,248,20,983718
3058,249,1,1282450
3059,249,2,1442757
3060,249,5,1122144
3061,249,6,1122144
3062,249,7,1202297
3063,249,9,1122144
3064,249,11,1122144
3065,249,12,1282450
3066,249,18,1122144
3067,249,20,1122144
3068,250,1,1331200
3069,250,2,1497600
3070,250,3,1331200
3071,250,7,1248000
3072,250,8,1164800
3073,250,10,1164800
3074,250,12,1331200
3075,250,14,1164800
3076,250,15,1164800
3077,250,16,1164800
3078,250,17,1164800
3079,250,18,1164800
3080,250,19,1164800
3081,250,20,1164800
3082,251,1,1379950
3083,251,2,1552444
3084,251,3,1379950
3085,251,5,1207457
3086,251,9,1207457
3087,251,10,1207457
3088,251,13,1207457
3089,251,15,1207457
3090,251,16,1207457
3091,251,17,1207457
3092,252,1,1282450
3093,252,2,1442757
3094,252,3,1282450
3095,252,4,1282450
3096,252,5,1122144
3097,252,6,1122144
3098,252,8,1122144
3099,252,9,1122144
3100,252,10,1122144
3101,252,11,1122144
3102,252,12,1282450
3103,252,13,1122144
3104,252,14,1122144
3105,252,18,1122144
3106,252,19,1122144
3107,253,1,1331200
3108,253,2,1497600
3109,253,3,1331200
3110,253,4,1331200
3111,253,5,1164800
3112,253,6,1164800
3113,253,7,1248000
3114,253,8,1164800
3115,253,9,1164800
3116,253,10,1164800
3117,253,11,1164800
3118,253,17,1164800
3119,253,18,1164800
3120,253,19,1164800
3121,254,1,1379950
3122,254,3,1379950
3123,254,5,1207457
3124,254,7,1293704
3125,254,8,1207457
3126,254,11,1207457
3127,254,12,1379950
3128,254,13,1207457
3129,254,14,1207457
3130,254,15,1207457
3131,254,16,1207457
3132,254,17,1207457
3133,254,19,1207457
3134,255,1,1526200
3135,255,2,1716975
3136,255,3,1526200
3137,255,5,1335425
3138,255,6,1335425
3139,255,7,1430813
3140,255,8,1335425
3141,255,9,1335425
3142,255,10,1335425
3143,255,11,1335425
3144,255,12,1526200
3145,255,15,1335425
3146,255,17,1335425
3147,255,18,1335425
3148,255,20,1335425
3149,256,1,1233700
3150,256,2,1387913
3151,256,3,1233700
3152,256,5,1079488
3153,256,6,1079488
3154,256,7,1156594
3155,256,9,1079488
3156,256,11,1079488
3157,256,13,1079488
3158,256,18,1079488
3159,257,1,1282450
3160,257,2,1442757
3161,257,9,1122144
3162,257,10,1122144
3163,257,12,1282450
3164,257,13,1122144
3165,257,15,1122144
3166,257,16,1122144
3167,257,17,1122144
3168,257,19,1122144
3169,257,20,1122144
3170,258,1,1331200
3171,258,2,1497600
3172,258,3,1331200
3173,258,5,1164800
3174,258,6,1164800
3175,258,8,1164800
3176,258,11,1164800
3177,258,13,1164800
3178,258,14,1164800
3179,258,15,1164800
3180,258,17,1164800
3181,258,20,1164800
3182,259,1,1428700
3183,259,2,1607288
3184,259,5,1250113
3185,259,7,1339407
3186,259,9,1250113
3187,259,10,1250113
3188,259,11,1250113
3189,259,12,1428700
3190,259,15,1250113
3191,259,18,1250113
3192,259,20,1250113
3193,260,2,1662132
3194,260,5,1292769
3195,260,9,1292769
3196,260,10,1292769
3197,260,11,1292769
3198,260,12,1477450
3199,260,13,1292769
3200,260,14,1292769
3201,260,15,1292769
3202,260,16,1292769
3203,260,17,1292769
3204,260,20,1292769
3205,261,1,1331200
3206,261,2,1497600
3207,261,3,1331200
3208,261,4,1331200
3209,261,7,1248000
3210,261,9,1164800
3211,261,10,1164800
3212,261,13,1164800
3213,261,16,1164800
3214,261,17,1164800
3215,261,19,1164800
3216,261,20,1164800
3217,262,1,1379950
3218,262,2,1552444
3219,262,4,1379950
3220,262,6,1207457
3221,262,8,1207457
3222,262,10,1207457
3223,262,11,1207457
3224,262,13,1207457
3225,262,17,1207457
3226,262,19,1207457
3227,263,1,1428700
3228,263,2,1607288
3229,263,3,1428700
3230,263,4,1428700
3231,263,8,1250113
3232,263,9,1250113
3233,263,10,1250113
3234,263,13,1250113
3235,263,16,1250113
3236,263,18,1250113
3237,263,19,1250113
3238,264,1,1282450
3239,264,2,1442757
3240,264,4,1282450
3241,264,6,1122144
3242,264,7,1202297
3243,264,8,1122144
3244,264,9,1122144
3245,264,10,1122144
3246,264,11,1122144
3247,264,15,1122144
3248,264,16,1122144
3249,264,18,1122144
3250,264,19,1122144
3251,265,1,1282450
3252,265,2,1442757
3253,265,3,1282450
3254,265,4,1282450
3255,265,5,1122144
3256,265,6,1122144
3257,265,7,1202297
3258,265,8,1122144
3259,265,10,1122144
3260,265,11,1122144
3261,265,12,1282450
3262,265,19,1122144
3263,266,1,1233700
3264,266,2,1387913
3265,266,3,1233700
3266,266,4,1233700
3267,266,5,1079488
3268,266,6,1079488
3269,266,7,1156594
3270,266,9,1079488
3271,266,10,1079488
3272,266,15,1079488
3273,266,16,1079488
3274,266,17,1079488
3275,267,1,1343150
3276,267,2,1511044
3277,267,4,1343150
3278,267,7,1259204
3279,267,10,1175257
3280,267,11,1175257
3281,267,14,1175257
3282,267,16,1175257
3283,267,17,1175257
3284,268,1,1391900
3285,268,2,1565888
3286,268,4,1391900
3287,268,7,1304907
3288,268,8,1217913
3289,268,9,1217913
3290,268,10,1217913
3291,268,11,1217913
3292,268,12,1391900
3293,268,15,1217913
3294,268,20,1217913
3295,269,2,1620732
3296,269,4,1440650
3297,269,5,1260569
3298,269,6,1260569
3299,269,7,1350610
3300,269,8,1260569
3301,269,9,1260569
3302,269,10,1260569
3303,269,11,1260569
3304,269,13,1260569
3305,269,16,1260569
3306,270,1,1343150
3307,270,2,1511044
3308,270,3,1343150
3309,270,4,1343150
3310,270,5,1175257
3311,270,7,1259204
3312,270,8,1175257
3313,270,9,1175257
3314,270,10,1175257
3315,270,11,1175257
3316,270,15,1175257
3317,270,18,1175257
3318,271,1,1391900
3319,271,2,1565888
3320,271,3,1391900
3321,271,5,1217913
3322,271,7,1304907
3323,271,8,1217913
3324,271,9,1217913
3325,271,10,1217913
3326,271,11,1217913
3327,271,12,1391900
3328,271,14,1217913
3329,271,16,1217913
3330,271,18,1217913
3331,271,19,1217913
3332,271,20,1217913
3333,272,1,1440650
3334,272,2,1620732
3335,272,4,1440650
3336,272,5,1260569
3337,272,6,1260569
3338,272,9,1260569
3339,272,13,1260569
3340,272,14,1260569
3341,272,16,1260569
3342,272,17,1260569
3343,272,20,1260569
3344,273,1,1489400
3345,273,2,1675575
3346,273,3,1489400
3347,273,4,1489400
3348,273,5,1303225
3349,273,6,1303225
3350,273,7,1396313
3351,273,10,1303225
3352,273,13,1303225
3353,273,15,1303225
3354,273,16,1303225
3355,273,17,1303225
3356,273,19,1303225
3357,274,1,1440650
3358,274,2,1620732
3359,274,4,1440650
3360,274,5,1260569
3361,274,7,1350610
3362,274,8,1260569
3363,274,9,1260569
3364,274,10,1260569
3365,274,11,1260569
3366,274,12,1440650
3367,274,15,1260569
3368,274,18,1260569
3369,274,19,1260569
3370,275,1,1391900
3371,275,2,1565888
3372,275,5,1217913
3373,275,9,1217913
3374,275,10,1217913
3375,275,11,1217913
3376,275,12,1391900
3377,275,14,1217913
3378,275,16,1217913
3379,275,19,1217913
3380,275,20,1217913
3381,276,1,1452600
3382,276,2,1634175
3383,276,5,1271025
3384,276,6,1271025
3385,276,8,1271025
3386,276,9,1271025
3387,276,11,1271025
3388,276,12,1452600
3389,276,13,1271025
3390,276,14,1271025
3391,276,15,1271025
3392,276,17,1271025
3393,276,18,1271025
3394,276,19,1271025
3395,276,20,1271025
3396,277,1,1501350
3397,277,2,1689019
3398,277,3,1501350
3399,277,4,1501350
3400,277,5,1313682
3401,277,6,1313682
3402,277,7,1407516
3403,277,8,1313682
3404,277,9,1313682
3405,277,10,1313682
3406,277,13,1313682
3407,277,15,1313682
3408,277,18,1313682
3409,278,1,1501350
3410,278,2,1689019
3411,278,4,1501350
3412,278,5,1313682
3413,278,7,1407516
3414,278,8,1313682
3415,278,9,1313682
3416,278,10,1313682
3417,278,12,1501350
3418,278,13,1313682
3419,278,16,1313682
3420,278,20,1313682
3421,279,1,1464549
3422,279,2,1647618
3423,279,3,1464549
3424,279,4,1464549
3425,279,5,1281481
3426,279,6,1281481
3427,279,7,1373015
3428,279,8,1281481
3429,279,9,1281481
3430,279,10,1281481
3431,279,15,1281481
3432,279,17,1281481
3433,279,18,1281481
3434,279,19,1281481
3435,279,20,1281481
3436,280,1,1610799
3437,280,2,1812149
3438,280,3,1610799
3439,280,6,1409450
3440,280,7,1510125
3441,280,8,1409450
3442,280,10,1409450
3443,280,12,1610799
3444,280,13,1409450
3445,280,15,1409450
3446,280,16,1409450
3447,280,18,1409450
3448,280,20,1409450
3449,281,1,1562049
3450,281,3,1562049
3451,281,6,1366793
3452,281,7,1464421
3453,281,8,1366793
3454,281,10,1366793
3455,281,12,1562049
3456,281,14,1366793
3457,281,17,1366793
3458,281,19,1366793
3459,281,20,1366793
3460,282,1,1610799
3461,282,2,1812149
3462,282,3,1610799
3463,282,4,1610799
3464,282,5,1409450
3465,282,6,1409450
3466,282,7,1510125
3467,282,8,1409450
3468,282,9,1409450
3469,282,10,1409450
3470,282,13,1409450
3471,282,14,1409450
3472,282,15,1409450
3473,282,17,1409450
3474,282,18,1409450
3475,282,19,1409450
3476,283,1,1610799
3477,283,2,1812149
3478,283,3,1610799
3479,283,4,1610799
3480,283,5,1409450
3481,283,7,1510125
3482,283,8,1409450
3483,283,10,1409450
3484,283,12,1610799
3485,283,14,1409450
3486,283,16,1409450
3487,283,18,1409450
3488,283,20,1409450
3489,284,1,1671500
3490,284,2,1880438
3491,284,5,1462563
3492,284,6,1462563
3493,284,8,1462563
3494,284,9,1462563
3495,284,10,1462563
3496,284,12,1671500
3497,284,16,1462563
3498,285,1,1574000
3499,285,2,1770750
3500,285,3,1574000
3501,285,4,1574000
3502,285,5,1377250
3503,285,6,1377250
3504,285,7,1475625
3505,285,8,1377250
3506,285,11,1377250
3507,285,13,1377250
3508,285,17,1377250
3509,285,18,1377250
3510,285,19,1377250
3511,285,20,1377250
3512,286,1,1622750
3513,286,2,1825594
3514,286,4,1622750
3515,286,5,1419907
3516,286,7,1521329
3517,286,8,1419907
3518,286,9,1419907
3519,286,10,1419907
3520,286,12,1622750
3521,286,14,1419907
3522,286,17,1419907
3523,286,18,1419907
3524,286,19,1419907
3525,287,1,1769000
3526,287,2,1990125
3527,287,4,1769000
3528,287,6,1547875
3529,287,8,1547875
3530,287,9,1547875
3531,287,11,1547875
3532,287,12,1769000
3533,287,13,1547875
3534,287,14,1547875
3535,287,15,1547875
3536,287,16,1547875
3537,287,17,1547875
3538,287,18,1547875
3539,287,19,1547875
3540,288,1,1720250
3541,288,2,1935282
3542,288,4,1720250
3543,288,6,1505219
3544,288,7,1612735
3545,288,8,1505219
3546,288,9,1505219
3547,288,10,1505219
3548,288,15,1505219
3549,288,16,1505219
3550,288,17,1505219
3551,289,1,1585950
3552,289,2,1784194
3553,289,4,1585950
3554,289,5,1387707
3555,289,6,1387707
3556,289,8,1387707
3557,289,9,1387707
3558,289,10,1387707
3559,289,13,1387707
3560,289,15,1387707
3561,289,16,1387707
3562,289,17,1387707
3563,290,1,1683450
3564,290,2,1893882
3565,290,3,1683450
3566,290,4,1683450
3567,290,5,1473019
3568,290,6,1473019
3569,290,8,1473019
3570,290,10,1473019
3571,290,11,1473019
3572,290,13,1473019
3573,290,16,1473019
3574,290,17,1473019
3575,290,20,1473019
3576,291,1,1537200
3577,291,2,1729350
3578,291,3,1537200
3579,291,4,1537200
3580,291,6,1345050
3581,291,7,1441125
3582,291,8,1345050
3583,291,10,1345050
3584,291,16,1345050
3585,291,17,1345050
3586,291,20,1345050
3587,292,1,1695400
3588,292,2,1907325
3589,292,3,1695400
3590,292,4,1695400
3591,292,5,1483475
3592,292,7,1589438
3593,292,8,1483475
3594,292,9,1483475
3595,292,10,1483475
3596,292,17,1483475
3597,292,20,1483475
3598,293,13,1203475
3599,294,13,823475