Id_aynm,Id_ayno,Id_medida,Localizacion
1,1,51,A
2,2,51,A
3,3,51,A
4,4,51,A
5,5,51,A
6,6,25,A
7,7,51,A
8,8,51,A
9,9,51,A
10,10,51,A
11,11,51,A
12,12,35,A
13,13,52,A
14,14,52,A
15,15,52,A
16,16,52,A
17,17,52,A
18,18,52,A
19,19,52,A
20,20,52,A
21,21,52,A
22,22,114,A
23,23,114,A
24,24,114,A
25,25,114,A
26,26,51,A
27,27,51,A
28,28,51,A
29,29,72,A
30,30,72,A
31,31,72,A
32,32,72,A
33,33,72,A
34,34,72,A
35,35,72,A
36,36,72,A
37,37,72,A
38,38,72,A
39,39,72,A
40,40,114,A
41,41,114,A
42,42,114,A
43,43,114,A
44,44,54,A
45,45,54,A
46,46,54,A
47,47,70,A
48,48,70,A
49,49,70,A
50,50,70,A
51,51,70,A
52,52,70,A
53,53,70,A
54,54,141,A
55,55,141,A
56,56,141,A
57,57,141,A
58,58,141,A
59,59,110,A
60,60,110,A
61,61,110,A
62,62,110,A
63,63,110,A
64,64,110,A
65,65,110,A
66,66,110,A
67,67,110,A
68,68,110,A
69,69,114,A
70,70,114,A
71,71,114,A
72,72,114,A
73,73,114,A
74,74,67,A
75,75,67,A
76,76,67,A
77,77,67,A
78,78,114,A
79,79,114,A
80,80,114,A
81,81,114,A
82,82,114,A
83,83,114,A
84,84,114,A
85,85,114,A
86,86,114,A
87,87,114,A
88,88,114,A
89,89,114,A
90,90,114,A
91,91,114,A
92,92,67,A
93,93,67,A
94,94,67,A
95,95,67,A
96,96,67,A
97,97,114,A
98,98,114,A
99,99,102,A
100,100,41,A
101,101,41,A
102,102,41,A
103,103,41,A
104,104,41,A
105,105,10,A
106,106,10,A
107,107,10,A
108,108,10,A
109,109,6,A
110,110,70,A
111,111,70,A
112,112,70,A
113,113,70,A
114,114,70,A
115,115,54,A
116,116,83,A
117,117,83,A
118,118,83,A
119,119,83,A
120,120,83,A
121,121,83,A
122,122,83,A
123,123,83,A
124,124,83,A
125,125,83,A
126,126,110,A
127,127,110,A
128,128,110,A
129,129,72,A
130,130,72,A
131,131,72,A
132,132,72,A
133,133,72,A
134,134,72,A
135,135,70,A
136,136,70,A
137,137,70,A
138,138,70,A
139,139,70,A
140,140,70,A
141,141,70,A
142,142,72,A
143,143,72,A
144,144,70,A
145,145,72,A
146,146,72,A
147,147,72,A
148,148,70,A
149,149,89,A
150,150,89,A
151,151,89,A
152,152,89,A
153,153,89,A
154,154,89,A
155,155,89,A
156,156,72,A
157,157,72,A
158,158,72,A
159,159,72,A
160,160,72,A
161,161,72,A
162,162,117,A
163,163,117,A
164,164,117,A
165,165,117,A
166,166,117,A
167,167,117,A
168,168,117,A
169,169,117,A
170,170,117,A
171,171,117,A
172,172,117,A
173,173,165,A
174,174,165,A
175,175,165,A
176,176,186,A
177,177,140,A
178,178,186,A
179,179,186,A
180,180,186,A
181,181,186,A
182,182,186,A
183,183,186,A
184,184,186,A
185,185,72,A
186,186,72,A
187,187,72,A
188,188,72,A
189,189,72,A
190,190,89,A
191,191,89,A
192,192,89,A
193,193,89,A
194,194,89,A
195,195,89,A
196,196,117,A
197,197,117,A
198,198,117,A
199,199,72,A
200,200,72,A
201,201,114,A
202,202,114,A
203,203,114,A
204,204,114,A
205,205,114,A
206,206,114,A
207,207,114,A
208,208,114,A
209,209,109,A
210,210,109,A
211,211,109,A
212,212,109,A
213,213,109,A
214,214,109,A
215,215,109,A
216,216,109,A
217,217,109,A
218,218,192,A
219,219,192,A
220,220,192,A
221,221,123,A
222,222,123,A
223,223,123,A
224,224,123,A
225,225,123,A
226,226,123,A
227,227,118,A
228,228,188,A
229,229,188,A
230,230,188,A
231,231,188,A
232,232,188,A
233,233,188,A
234,234,188,A
235,235,188,A
236,236,188,A
237,237,188,A
238,238,188,A
239,239,188,A
240,240,188,A
241,241,188,A
242,242,118,A
243,243,118,A
244,244,118,A
245,245,118,A
246,246,118,A
247,247,118,A
248,248,118,A
249,249,118,A
250,250,118,A
251,251,118,A
252,252,118,A
253,253,118,A
254,254,118,A
255,255,118,A
256,256,118,A
257,257,118,A
258,258,87,A
259,259,87,A
260,260,87,A
261,261,147,A
262,262,147,A
263,263,147,A
264,264,96,A
265,265,96,A
266,266,96,A
267,267,96,A
268,268,96,A
269,269,145,A
270,270,145,A
271,271,145,A
272,272,145,A
273,273,145,A
274,274,145,A
275,275,145,A
276,276,145,A
277,277,145,A
278,278,145,A
279,279,145,A
280,280,153,A
281,281,153,A
282,282,153,A
283,283,153,A
284,284,153,A
285,285,153,A
286,286,153,A
287,287,153,A
288,288,153,A
289,289,153,A
290,290,153,A
291,291,197,A
292,292,197,A
293,293,197,A
294,294,134,D
295,294,268,T
296,295,134,D
297,295,268,T
298,296,134,D
299,296,268,T
300,297,134,D
301,297,268,T
302,298,134,D
303,298,268,T
304,299,134,D
305,299,268,T
306,300,134,D
307,300,268,T
308,301,134,D
309,301,268,T
310,302,134,D
311,302,268,T
312,303,134,D
313,303,268,T
314,304,162,D
315,304,271,T
316,305,162,D
317,305,271,T
318,306,162,D
319,306,271,T
320,307,110,A
321,308,110,A
322,309,110,A
323,310,110,A
324,311,110,A
325,312,110,A
326,313,110,A
327,314,110,A
328,315,110,A
329,316,169,A
330,317,70,A
331,318,169,A
332,319,169,A
333,320,169,A
334,321,169,A
335,322,169,A
336,323,169,A
337,324,165,A
338,325,165,A
339,326,165,A
340,327,165,A
341,328,11,A
342,329,67,A
343,330,67,A
344,331,87,A
345,332,87,A
346,333,94,A
347,334,94,A
348,335,70,A
349,336,70,A
350,337,70,A
351,338,70,A
352,339,70,A
353,340,70,A
354,341,70,A
355,342,70,A
356,343,70,A
357,344,70,A
358,345,68,A
359,346,49,A
360,347,49,A
361,348,49,A
362,349,49,A
363,350,70,A
364,351,70,A
365,352,70,A
366,353,70,A
367,354,70,A
368,355,122,A
369,356,122,A
370,357,122,A
371,358,113,A
372,359,113,A
373,360,110,D
374,360,164,T
375,361,110,D
376,361,164,T
377,362,110,D
378,362,164,T
379,363,110,D
380,363,164,T
381,364,110,D
382,364,164,T
383,365,110,D
384,365,164,T
385,366,110,D
386,366,164,T
387,367,110,D
388,367,164,T
389,368,110,D
390,368,164,T
391,369,110,D
392,369,164,T
393,370,110,D
394,370,164,T
395,371,108,D
396,371,182,T
397,372,108,D
398,372,182,T
399,373,108,D
400,373,182,T
401,374,108,D
402,374,182,T
403,375,108,D
404,375,182,T
405,376,108,D
406,376,182,T
407,377,108,D
408,377,182,T
409,378,108,D
410,378,182,T
411,379,111,D
412,379,187,T
413,380,111,D
414,380,187,T
415,381,111,D
416,381,187,T
417,382,111,D
418,382,187,T
419,383,111,D
420,383,187,T
421,384,174,A
422,385,174,A
423,386,174,A
424,387,174,A
425,388,174,A
426,389,174,A
427,390,174,A
428,391,174,A
429,392,72,A
430,393,72,A
431,394,72,A
432,395,72,A
433,396,72,A
434,397,72,A
435,398,72,A
436,399,72,A
437,400,140,A
438,401,140,A
439,402,165,A
440,403,165,A
441,404,140,A
442,405,117,A
443,406,117,A
444,407,117,A
445,408,166,D
446,408,233,T
447,409,166,D
448,409,233,T
449,410,166,D
450,410,233,T
451,411,166,D
452,411,233,T
453,412,166,D
454,412,233,T
455,413,166,D
456,413,233,T
457,414,166,D
458,414,233,T
459,415,166,D
460,415,233,T
461,416,166,D
462,416,233,T
463,417,166,D
464,417,233,T
465,418,166,D
466,418,233,T
467,419,166,D
468,419,233,T
469,420,166,D
470,420,233,T
471,421,166,D
472,421,233,T
473,422,188,D
474,422,253,T
475,423,188,D
476,423,253,T
477,424,175,A
478,425,175,A
479,426,175,A
480,427,175,A
481,428,175,A
482,429,175,A
483,430,175,A
484,431,175,A
485,432,175,A
486,433,175,A
487,434,151,A
488,435,151,A
489,436,151,A
490,437,151,A
491,438,151,A
492,439,151,A
493,440,174,A
494,441,174,A
495,442,174,A
496,443,174,A
497,444,174,A
498,445,174,A
499,446,174,A
500,447,171,D
501,447,238,T
502,448,143,A
503,449,143,A
504,450,143,A
505,451,143,A
506,452,9,A
507,453,9,A
508,454,9,A
509,455,114,A
510,456,114,A
511,457,114,A
512,458,114,A
513,459,114,A
514,460,114,A
515,461,114,A
516,462,114,A
517,463,114,A
518,464,114,A
519,465,114,A
520,466,112,A
521,467,112,A
522,468,147,A
523,469,147,A
524,470,147,A
525,471,147,A
526,472,147,A
527,473,147,A
528,474,147,A
529,475,147,A
530,476,123,A
531,477,123,A
532,478,123,A
533,479,123,A
534,480,123,A
535,481,174,A
536,482,174,A
537,483,174,A
538,484,174,A
539,485,174,A
540,486,154,A
541,487,154,A
542,488,154,A
543,489,154,A
544,490,154,A
545,491,154,A
546,492,154,A
547,493,154,A
548,494,154,A
549,495,197,A
550,496,197,A
551,497,239,D
552,497,281,T
553,498,239,D
554,498,281,T
555,499,239,D
556,499,281,T
557,500,194,A
558,501,194,A
559,502,194,A
560,503,194,A
561,504,194,A
562,505,194,A
563,506,194,A
564,507,194,A
565,508,194,A
566,509,194,A
567,510,194,A
568,511,194,A
569,512,194,A
570,513,194,A
571,514,194,A
572,515,194,A
573,516,194,A
574,517,113,A
575,518,113,A
576,519,113,A
577,520,113,A
578,521,113,A
579,522,113,A
580,523,113,A
581,524,113,A
582,525,113,A
583,526,108,D
584,526,182,T
585,527,108,D
586,527,182,T
587,528,108,D
588,528,182,T
589,529,108,D
590,529,182,T
591,530,108,D
592,530,182,T
593,531,108,D
594,531,182,T
595,532,110,A
596,533,110,A
597,534,110,A
598,535,110,A
599,536,110,A
600,537,110,A
601,538,110,A
602,539,110,A
603,540,170,D
604,540,237,T
605,541,170,D
606,541,237,T
607,542,170,D
608,542,237,T
609,543,170,D
610,543,237,T
611,544,41,A
612,545,41,A
613,546,23,A
614,547,23,A
615,548,23,A
616,549,23,A
617,550,36,A
618,551,36,A
619,552,36,A
620,553,36,A
621,554,36,A
622,555,36,A
623,556,36,A
624,557,5,A
625,558,5,A
626,559,5,A
627,560,5,A
628,561,5,A
629,562,5,A
630,563,5,A
631,564,5,A
632,565,70,A
633,566,70,A
634,567,70,A
635,568,70,A
636,569,70,A
637,570,151,A
638,571,151,A
639,572,151,A
640,573,151,A
641,574,151,A
642,575,151,A
643,576,151,A
644,577,151,A
645,578,36,A
646,579,36,A
647,580,36,A
648,581,36,A
649,582,36,A
650,583,38,A
651,584,38,A
652,585,38,A
653,586,38,A
654,587,52,A
655,588,52,A
656,589,52,A
657,590,70,A
658,591,70,A
659,592,70,A
660,593,37,A
661,594,37,A
662,595,70,A
663,596,70,A
664,597,70,A
665,598,70,A
666,599,70,A
667,600,52,A
668,601,52,A
669,602,52,A
670,603,70,A
671,604,70,A
672,605,227,A
673,606,227,A
674,607,227,A
675,608,227,A
676,609,227,A
677,610,227,A
678,611,227,A
679,612,227,A
680,613,227,A
681,614,35,A
682,615,35,A
683,616,35,A
684,617,35,A
685,618,35,A
686,619,35,A
687,620,35,A
688,621,157,A
689,622,157,A
690,623,157,A
691,624,157,A
692,625,157,A
693,626,157,A
694,627,157,A
695,628,156,A
696,629,156,A
697,630,131,A
698,631,131,A
699,632,156,A
700,633,156,A
701,634,156,A
702,635,156,A
703,636,69,A
704,637,69,A
705,638,172,D
706,638,239,T
707,639,172,D
708,639,239,T
709,640,172,D
710,640,239,T
711,641,172,D
712,641,239,T
713,642,172,D
714,642,239,T
715,643,167,D
716,643,234,T
717,644,167,D
718,644,234,T
719,645,167,D
720,645,234,T
721,646,152,A
722,647,152,A
723,648,152,A
724,649,152,A
725,650,152,A
726,651,152,A
727,652,152,A
728,653,152,A
729,654,152,A
730,655,148,A
731,656,148,A
732,657,148,A
733,658,148,A
734,659,17,A
735,660,17,A
736,661,17,A
737,662,25,A
738,663,17,A
739,664,54,A
740,665,54,A
741,666,54,A
742,667,54,A
743,668,54,A
744,669,54,A
745,670,54,A
746,678,19,A
747,679,19,A
748,680,19,A
749,681,19,A
750,682,19,A
751,683,19,A
752,684,19,A
753,678,17,A
754,679,17,A
755,680,17,A
756,681,17,A
757,682,17,A
758,683,17,A
759,684,17,A
760,685,17,A
761,686,17,A
762,687,25,A
763,688,25,A
764,689,25,A
765,690,25,A
766,691,25,A
767,698,17,A
768,699,17,A
769,700,17,A
770,695,17,A
771,696,17,A
772,697,17,A
773,698,17,A
774,699,17,A
775,700,17,A
776,701,17,A
777,702,17,A
778,703,17,A
779,704,17,A
780,705,17,A
781,706,232,D
782,706,285,T
783,707,232,D
784,707,285,T
785,708,232,D
786,708,285,T
787,709,232,D
788,709,285,T
789,710,232,D
790,710,285,T
791,711,232,D
792,711,285,T
793,712,232,D
794,712,285,T
795,713,232,D
796,713,285,T
797,714,232,D
798,714,285,T
799,715,232,D
800,715,285,T
801,716,232,D
802,716,285,T
803,717,232,D
804,717,285,T
805,718,232,D
806,718,285,T
807,719,73,A
808,720,73,A
809,721,73,A
810,722,73,A
811,723,73,A
812,724,73,A
813,725,73,A
814,726,87,A
815,727,87,A
816,728,87,A
817,729,105,A
818,730,105,A
819,731,105,A
820,732,126,A
821,733,179,A
822,734,179,A
823,735,179,A
824,736,179,A
825,737,27,A
826,738,27,A
827,739,27,A
828,740,27,A
829,741,27,A
830,742,27,A
831,743,41,A
832,744,41,A
833,745,41,A
834,746,41,A
835,747,41,A
836,748,101,A
837,749,28,A
838,750,28,A
839,751,28,A
840,752,28,A
841,753,28,A
842,754,28,A
843,755,28,A
844,756,28,A
845,757,28,A
846,758,28,A
847,759,28,A
848,760,28,A
849,761,28,A
850,762,28,A
851,763,36,A
852,764,36,A
853,765,36,A
854,766,36,A
855,767,36,A
856,768,36,A
857,769,54,A
858,770,54,A
859,771,72,A
860,772,72,A
861,773,38,A
862,774,38,A
863,775,38,A
864,776,38,A
865,777,38,A
866,778,38,A
867,779,38,A
868,780,25,A
869,781,25,A
870,782,25,A
871,783,38,A
872,784,38,A
873,785,38,A
874,786,38,A
875,787,38,A
876,788,38,A
877,789,131,A
878,790,131,A
879,791,131,A
880,792,131,A
881,793,131,A
882,794,131,A
883,795,131,A
884,796,131,A
885,797,131,A
886,798,131,A
887,799,131,A
888,800,131,A
889,801,131,A
890,802,131,A
891,803,131,A
892,804,131,A
893,805,131,A
894,806,156,A
895,807,178,A
896,808,178,A
897,809,178,A
898,810,178,A
899,811,178,A
900,812,178,A
901,813,206,A
902,814,206,A
903,815,206,A
904,816,206,A
905,817,206,A
906,818,206,A
907,819,70,A
908,820,70,A
909,821,70,A
910,822,70,A
911,823,70,A
912,824,70,A
913,825,5,A
914,826,5,A
915,827,5,A
916,828,5,A
917,829,5,A
918,830,5,A
919,831,5,A
920,832,5,A
921,833,5,A
922,834,8,A
923,835,54,A
924,836,54,A
925,837,54,A
926,838,54,A
927,839,54,A
928,840,54,A
929,841,54,A
930,842,54,A
931,843,54,A
932,844,54,A
933,845,54,A
934,846,54,A
935,847,36,A
936,848,36,A
937,849,36,A
938,850,36,A
939,851,77,A
940,852,77,A
941,853,77,A
942,854,151,A
943,855,151,A
944,856,151,A
945,857,151,A
946,858,151,A
947,859,151,A
948,860,151,A
949,861,77,A
950,862,77,A
951,863,77,A
952,864,77,A
953,865,178,A
954,866,178,A
955,867,178,A
956,868,178,A
957,869,222,A
958,870,222,A
959,871,222,A
960,872,222,A
961,873,70,A
962,874,70,A
963,875,70,A
964,876,70,A
965,877,70,A
966,878,70,A
967,879,70,A
968,880,70,A
969,881,70,A
970,882,70,A
971,883,54,A
972,884,54,A
973,885,97,A
974,886,97,A
975,887,97,A
976,888,124,A
977,889,124,A
978,890,124,A
979,891,172,A
980,892,172,A
981,893,172,A
982,894,172,A
983,895,172,A
984,896,172,A
985,897,172,A
986,898,124,A
987,899,124,A
988,900,122,A
989,901,122,A
990,902,122,A
991,903,118,A
992,904,118,A
993,905,95,A
994,906,95,A
995,907,95,A
996,908,95,A
997,909,95,A
998,910,95,A
999,911,96,A
1000,912,96,A
1001,913,96,A
1002,914,96,A
1003,915,96,A
1004,916,96,A
1005,917,96,A
1006,918,108,D
1007,918,183,T
1008,919,108,D
1009,919,183,T
1010,920,108,D
1011,920,183,T
1012,921,95,A
1013,922,95,A
1014,923,95,A
1015,924,95,A
1016,925,95,A
1017,926,95,A
1018,927,95,A
1019,928,96,A
1020,929,96,A
1021,930,96,A
1022,931,96,A
1023,932,96,A
1024,933,37,A
1025,934,37,A
1026,935,37,A
1027,936,37,A
1028,937,36,A
1029,938,36,A
1030,939,36,A
1031,940,36,A
1032,941,68,A
1033,942,68,A
1034,943,68,A
1035,944,68,A
1036,945,68,A
1037,946,68,A
1038,947,70,A
1039,948,70,A
1040,949,70,A
1041,950,70,A
1042,951,70,A
1043,952,54,A
1044,953,73,A
1045,954,73,A
1046,955,73,A
1047,956,73,A
1048,957,73,A
1049,958,73,A
1050,959,73,A
1051,960,73,A
1052,961,89,A
1053,962,89,A
1054,963,89,A
1055,964,89,A
1056,965,54,A
1057,966,54,A
1058,967,126,A
1059,968,126,A
1060,969,126,A
1061,970,126,A
1062,971,126,A
1063,972,126,A
1064,973,126,A
1065,974,126,A
1066,975,126,A
1067,976,126,A
1068,977,126,A
1069,978,236,D
1070,978,291,T
1071,979,7,A
1072,980,73,A
1073,981,73,A
1074,982,73,A
1075,983,73,A
1076,984,73,A
1077,985,73,A
1078,986,73,A
1079,987,73,A
1080,988,73,A
1081,989,73,A
1082,990,25,A
1083,991,25,A
1084,992,25,A
1085,993,25,A
1086,994,25,A
1087,995,25,A
1088,996,25,A
1089,997,25,A
1090,998,25,A
1091,999,25,A
1092,1000,25,A
1093,1001,25,A
1094,1002,25,A
1095,1003,25,A
1096,1004,25,A
1097,1005,25,A
1098,1006,25,A
1099,1007,25,A
1100,1008,25,A
1101,1009,25,A
1102,1010,25,A
1103,1011,25,A
1104,1012,36,A
1105,1013,36,A
1106,1014,36,A
1107,1015,36,A
1108,1016,36,A
1109,1017,36,A
1110,1018,36,A
1111,1019,36,A
1112,1020,36,A
1113,1021,36,A
1114,1022,36,A
1115,1023,52,A
1116,1024,52,A
1117,1025,52,A
1118,1026,52,A
1119,1027,52,A
1120,1028,52,A
1121,1029,49,A
1122,1030,49,A
1123,1031,49,A
1124,1032,49,A
1125,1033,49,A
1126,1034,54,A
1127,1035,54,A
1128,1036,68,A
1129,1037,68,A
1130,1038,54,A
1131,1039,54,A
1132,1040,54,A
1133,1041,54,A
1134,1042,54,A
1135,1043,119,A
1136,1044,119,A
1137,1045,119,A
1138,1046,119,A
1139,1047,119,A
1140,1048,68,A
1141,1049,68,A
1142,1050,68,A
1143,1051,89,A
1144,1052,89,A
1145,1053,89,A
1146,1054,89,A
1147,1055,89,A
1148,1056,89,A
1149,1057,89,A
1150,1058,89,A
1151,1059,89,A
1152,1060,89,A
1153,1061,110,A
1154,1062,110,A
1155,1063,110,A
1156,1064,110,A
1157,1065,89,A
1158,1066,89,A
1159,1067,54,A
1160,1068,74,A
1161,1069,74,A
1162,1070,89,A
1163,1071,89,A
1164,1072,89,A
1165,1073,89,A
1166,1074,89,A
1167,1075,166,A
1168,1076,166,A
1169,1077,166,A
1170,1078,166,A
1171,1079,118,A
1172,1080,118,A
1173,1081,170,A
1174,1082,170,A
1175,1083,170,A
1176,1084,118,A
1177,1085,118,A
1178,1086,118,A
1179,1087,25,A
1180,1088,11,A
1181,1089,11,A
1182,1090,11,A
1183,1091,11,A
1184,1092,11,A
1185,1093,11,A
1186,1094,11,A
1187,1095,49,A
1188,1096,49,A
1189,1097,49,A
1190,1098,49,A
1191,1099,65,A
1192,1100,65,A
1193,1101,65,A
1194,1102,65,A
1195,1103,111,A
1196,1104,111,A
1197,1105,74,A
1198,1106,74,A
1199,1107,57,A
1200,1108,57,A
1201,1109,79,A
1202,1110,79,A
1203,1111,79,A
1204,1112,79,A
1205,1113,79,A
1206,1114,79,A
1207,1115,79,A
1208,1116,79,A
1209,1117,79,A
1210,1118,79,A
1211,1119,78,A
1212,1120,78,A
1213,1121,78,A
1214,1122,78,A
1215,1123,76,A
1216,1124,78,A
1217,1125,78,A
1218,1126,78,A
1219,1127,96,A
1220,1128,96,A
1221,1129,7,A
1222,1130,7,A
1223,1131,7,A
1224,1132,7,A
1225,1133,7,A
1226,1134,7,A
1227,1135,7,A
1228,1136,7,A
1229,1137,7,A
1230,1138,96,A
1231,1139,96,A
1232,1140,38,A
1233,1141,38,A
1234,1142,38,A
1235,1143,38,A
1236,1144,72,A
1237,1145,72,A
1238,1146,74,A
1239,1147,74,A
1240,1148,74,A
1241,1149,74,A
1242,1150,74,A
1243,1151,48,A
1244,1152,48,A
1245,1153,48,A
1246,1154,48,A
1247,1155,48,A
1248,1156,48,A
1249,1157,48,A
1250,1158,48,A
1251,1159,38,A
1252,1160,38,A
1253,1161,38,A
1254,1162,38,A
1255,1163,38,A
1256,1164,38,A
1257,1165,38,A
1258,1166,38,A
1259,1167,38,A
1260,1168,38,A
1261,1169,38,A
1262,1170,38,A
1263,1171,38,A
1264,1172,35,A
1265,1173,25,A
1266,1174,25,A
1267,1175,25,A
1268,1176,27,A
1269,1177,27,A
1270,1178,27,A
1271,1179,27,A
1272,1180,27,A
1273,1181,27,A
1274,1182,10,A
1275,1183,10,A
1276,1184,10,A
1277,1185,10,A
1278,1186,10,A
1279,1187,10,A
1280,1188,37,A
1281,1189,37,A
1282,1190,37,A
1283,1191,6,A
1284,1192,6,A
1285,1193,6,A
1286,1194,6,A
1287,1195,6,A
1288,1196,6,A
1289,1197,27,A
1290,1198,27,A
1291,1199,27,A
1292,1200,27,A
1293,1201,27,A
1294,1202,27,A
1295,1203,27,A
1296,1204,72,A
1297,1205,72,A
1298,1206,72,A
1299,1207,72,A
1300,1208,72,A
1301,1209,51,A
1302,1210,5,A
1303,1211,5,A
1304,1212,5,A
1305,1213,5,A
1306,1214,37,A
1307,1215,37,A
1308,1216,37,A
1309,1217,37,A
1310,1218,37,A
1311,1219,37,A
1312,1220,56,A
1313,1221,56,A
1314,1222,5,A
1315,1223,52,A
1316,1224,52,A
1317,1225,52,A
1318,1226,6,A
1319,1227,6,A
1320,1228,6,A
1321,1229,6,A
1322,1230,6,A
1323,1231,6,A
1324,1232,6,A
1325,1233,27,A
1326,1234,27,A
1327,1235,27,A
1328,1236,27,A
1329,1237,27,A
1330,1238,27,A
1331,1239,11,A
1332,1240,11,A
1333,1241,1,A
1334,1242,1,A
1335,1243,1,A
1336,1244,1,A
1337,1245,1,A
1338,1246,128,A
1339,1247,128,A
1340,1248,128,A
1341,1249,128,A
1342,1250,128,A
1343,1251,128,A
1344,1252,5,A
1345,1253,5,A
1346,1254,5,A
1347,1255,5,A
1348,1256,5,A
1349,1257,5,A
1350,1258,104,A
1351,1259,104,A
1352,1260,104,A
1353,1261,104,A
1354,1262,104,A
1355,1263,104,A
1356,1264,104,A
1357,1265,3,A
1358,1266,3,A
1359,1267,3,A
1360,1268,3,A
1361,1269,3,A
1362,1270,76,A
1363,1271,76,A
1364,1272,76,A
1365,1273,76,A
1366,1274,76,A
1367,1275,76,A
1368,1276,41,A
1369,1277,41,A
1370,1278,41,A
1371,1279,41,A
1372,1280,41,A
1373,1281,41,A
1374,1282,157,A
1375,1283,157,A
1376,1284,157,A
1377,1285,157,A
1378,1286,157,A
1379,1287,157,A
1380,1288,126,A
1381,1289,126,A
1382,1290,126,A
1383,1291,126,A
1384,1292,126,A
1385,1293,126,A
1386,1294,126,A
1387,1295,125,A
1388,1296,125,A
1389,1297,125,A
1390,1298,125,A
1391,1299,126,A
1392,1300,227,A
1393,1301,227,A
1394,1302,227,A
1395,1303,227,A
1396,1304,227,A
1397,1305,227,A
1398,1306,227,A
1399,1307,227,A
1400,1308,65,A
1401,1309,65,A
1402,1310,65,A
1403,1311,65,A
1404,1312,65,A
1405,1313,65,A
1406,1314,111,A
1407,1315,111,A
1408,1316,111,A
1409,1317,111,A
1410,1318,111,A
1411,1319,111,A
1412,1320,148,A
1413,1321,148,A
1414,1322,85,D
1415,1322,237,T
1416,1323,85,D
1417,1323,237,T
1418,1324,85,D
1419,1324,237,T
1420,1325,85,D
1421,1325,237,T
1422,1326,85,D
1423,1326,237,T
1424,1327,85,D
1425,1327,237,T
1426,1328,85,D
1427,1328,237,T
1428,1329,190,D
1429,1329,256,T
1430,1330,190,D
1431,1330,256,T
1432,1331,190,D
1433,1331,256,T
1434,1332,190,D
1435,1332,256,T
1436,1333,190,D
1437,1333,256,T
1438,1334,190,D
1439,1334,256,T
1440,1335,190,D
1441,1335,256,T
1442,1336,190,D
1443,1336,256,T
1444,1337,187,D
1445,1337,270,T
1446,1338,187,D
1447,1338,270,T
1448,1339,187,D
1449,1339,270,T
1450,1340,187,D
1451,1340,270,T
1452,1341,187,D
1453,1341,270,T
1454,1342,187,D
1455,1342,270,T
1456,1343,187,D
1457,1343,270,T
1458,1344,187,D
1459,1344,270,T
1460,1345,166,D
1461,1345,278,T
1462,1346,166,D
1463,1346,278,T
1464,1347,166,D
1465,1347,278,T
1466,1348,166,D
1467,1348,278,T
1468,1349,166,D
1469,1349,278,T
1470,1350,170,D
1471,1350,258,T
1472,1351,170,D
1473,1351,258,T
1474,1352,170,D
1475,1352,258,T
1476,1353,170,D
1477,1353,258,T
1478,1354,166,D
1479,1354,258,T
1480,1355,166,D
1481,1355,258,T
1482,1356,166,D
1483,1356,258,T
1484,1357,166,D
1485,1357,258,T
1486,1358,166,D
1487,1358,258,T
1488,1359,166,D
1489,1359,258,T
1490,1360,166,D
1491,1360,258,T
1492,1361,166,D
1493,1361,258,T
1494,1362,166,D
1495,1362,258,T
1496,1363,166,D
1497,1363,258,T
1498,1364,162,D
1499,1364,292,T
1500,1365,162,D
1501,1365,292,T
1502,1366,108,D
1503,1366,213,T
1504,1367,108,D
1505,1367,213,T
1506,1368,108,D
1507,1368,213,T
1508,1369,108,D
1509,1369,213,T
1510,1370,108,D
1511,1370,213,T
1512,1371,107,D
1513,1371,253,T
1514,1372,107,D
1515,1372,253,T
1516,1373,107,D
1517,1373,253,T
1518,1374,107,D
1519,1374,253,T
1520,1375,107,D
1521,1375,253,T
1522,1376,107,D
1523,1376,253,T
1524,1377,161,D
1525,1377,289,T
1526,1378,161,D
1527,1378,289,T
1528,1379,161,D
1529,1379,289,T
1530,1380,137,D
1531,1380,270,T
1532,1381,137,D
1533,1381,270,T
1534,1382,137,D
1535,1382,270,T
1536,1383,163,D
1537,1383,272,T
1538,1384,163,D
1539,1384,272,T
1540,1385,163,D
1541,1385,254,T
1542,1386,32,A
1543,1387,32,A
1544,1388,32,A
1545,1389,44,A
1546,1390,44,A
1547,1391,44,A
1548,1392,44,A
1549,1393,44,A
1550,1394,44,A
1551,1395,44,A
1552,1396,44,A
1553,1397,25,A
1554,1398,25,A
1555,1399,25,A
1556,1400,48,A
1557,1401,48,A
1558,1402,48,A
1559,1403,37,A
1560,1404,37,A
1561,1405,37,A
1562,1406,37,A
1563,1407,37,A
1564,1408,110,A
1565,1409,110,A
1566,1410,110,A
1567,1411,110,A
1568,1412,110,A
1569,1413,48,A
1570,1414,69,A
1571,1415,69,A
1572,1416,69,A
1573,1417,69,A
1574,1418,69,A
1575,1419,36,A
1576,1420,36,A
1577,1421,53,A
1578,1422,53,A
1579,1423,53,A
1580,1424,53,A
1581,1425,53,A
1582,1426,53,A
1583,1427,53,A
1584,1428,53,A
1585,1429,53,A
1586,1430,53,A
1587,1431,53,A
1588,1432,53,A
1589,1433,53,A
1590,1434,76,A
1591,1435,76,A
1592,1436,76,A
1593,1437,76,A
1594,1438,76,A
1595,1439,76,A
1596,1440,76,A
1597,1441,76,A
1598,1442,76,A
1599,1443,76,A
1600,1444,76,A
1601,1445,76,A
1602,1446,76,A
1603,1447,76,A
1604,1448,79,A
1605,1449,79,A
1606,1450,79,A
1607,1451,79,A
1608,1452,79,A
1609,1453,76,A
1610,1454,76,A
1611,1455,76,A
1612,1456,76,A
1613,1457,76,A
1614,1458,17,A
1615,1459,17,A
1616,1460,17,A
1617,1461,17,A
1618,1462,17,A
1619,1463,17,A
1620,1464,17,A
1621,1465,29,A
1622,1466,29,A
1623,1467,29,A
1624,1468,29,A
1625,1469,17,A
1626,1470,17,A
1627,1471,17,A
1628,1472,17,A
1629,1473,17,A
1630,1474,17,A
1631,1475,17,A
1632,1476,17,A
1633,1477,17,A
1634,1478,17,A
1635,1484,17,A
1636,1485,17,A
1637,1486,17,A
1638,1482,17,A
1639,1483,17,A
1640,1484,28,A
1641,1485,28,A
1642,1486,28,A
1643,1487,28,A
1644,1488,28,A
1645,1489,28,A
1646,1490,28,A
1647,1491,28,A
1648,1492,28,A
1649,1493,28,A
1650,1494,28,A
1651,1495,37,A
1652,1496,37,A
1653,1497,37,A
1654,1498,37,A
1655,1499,37,A
1656,1500,37,A
1657,1501,37,A
1658,1502,28,A
1659,1503,28,A
1660,1504,28,A
1661,1505,28,A
1662,1506,28,A
1663,1507,28,A
1664,1508,28,A
1665,1509,28,A
1666,1510,28,A
1667,1511,28,A
1668,1512,28,A
1669,1513,52,A
1670,1514,52,A
1671,1515,68,A
1672,1516,68,A
1673,1517,68,A
1674,1518,68,A
1675,1519,68,A
1676,1520,68,A
1677,1521,68,A
1678,1522,68,A
1679,1523,68,A
1680,1524,37,A
1681,1525,37,A
1682,1526,37,A
1683,1527,37,A
1684,1528,37,A
1685,1529,37,A
1686,1530,37,A
1687,1531,37,A
1688,1532,37,A
1689,1533,37,A
1690,1534,25,A
1691,1535,25,A
1692,1536,25,A
1693,1537,25,A
1694,1538,27,A
1695,1539,27,A
1696,1540,27,A
1697,1541,11,A
1698,1542,11,A
1699,1543,11,A
1700,1544,11,A
1701,1545,27,A
1702,1546,11,A
1703,1547,11,A
1704,1548,11,A
1705,1549,35,A
1706,1550,35,A
1707,1551,35,A
1708,1552,35,A
1709,1553,35,A
1710,1554,27,A
1711,1555,27,A
1712,1556,27,A
1713,1557,35,A
1714,1558,35,A
1715,1559,35,A
1716,1560,35,A
1717,1561,52,A
1718,1562,52,A
1719,1563,52,A
1720,1564,52,A
1721,1565,52,A
1722,1566,52,A
1723,1567,52,A
1724,1568,52,A
1725,1569,52,A
1726,1570,52,A
1727,1571,52,A
1728,1572,38,A
1729,1573,38,A
1730,1574,38,A
1731,1575,38,A
1732,1576,38,A
1733,1577,28,A
1734,1578,28,A
1735,1579,28,A
1736,1580,28,A
1737,1581,28,A
1738,1582,28,A
1739,1583,28,A
1740,1584,28,A
1741,1585,28,A
1742,1586,28,A
1743,1587,28,A
1744,1588,37,A
1745,1589,25,A
1746,1590,25,A
1747,1591,25,A
1748,1592,25,A
1749,1593,3,A
1750,1594,54,A
1751,1595,54,A
1752,1596,54,A
1753,1597,54,A
1754,1598,54,A
1755,1599,54,A
1756,1600,54,A
1757,1601,54,A
1758,1602,54,A
1759,1603,70,A
1760,1604,70,A
1761,1605,28,A
1762,1606,28,A
1763,1607,28,A
1764,1608,28,A
1765,1609,28,A
1766,1610,28,A
1767,1611,28,A
1768,1612,28,A
1769,1613,28,A
1770,1614,28,A
1771,1615,28,A
1772,1626,28,A
1773,1617,28,A
1774,1618,28,A
1775,1619,28,A
1776,1620,28,A
1777,1621,28,A
1778,1622,28,A
1779,1623,28,A
1780,1624,28,A
1781,1625,28,A
1782,1626,28,A
1783,1627,48,A
1784,1628,48,A
1785,1629,48,A
1786,1630,25,A
1787,1631,25,A
1788,1632,25,A
1789,1633,25,A
1790,1634,70,A
1791,1635,70,A
1792,1636,129,A
1793,1637,129,A
1794,1638,129,A
1795,1639,129,A
1796,1640,17,A
1797,1641,17,A
1798,1642,17,A
1799,1643,17,A
1800,1644,17,A
1801,1645,17,A
1802,1646,17,A
1803,1647,17,A
1804,1648,17,A
1805,1649,3,A
1806,1650,3,A
1807,1651,3,A
1808,1652,3,A
1809,1653,3,A
1810,1654,3,A
1811,1655,3,A
1812,1656,3,A
1813,1657,3,A
1814,1658,3,A
1815,1659,25,A
1816,1660,25,A
1817,1661,25,A
1818,1662,28,A
1819,1663,28,A
1820,1664,3,A
1821,1665,25,A
1822,1666,25,A
1823,1667,25,A
1824,1668,25,A
1825,1669,25,A
1826,1670,25,A
1827,1671,25,A
1828,1672,25,A
1829,1673,25,A
1830,1674,25,A
1831,1675,25,A
1832,1676,25,A
1833,1677,25,A
1834,1678,25,A
1835,1679,25,A
1836,1680,74,A
1837,1681,74,A
1838,1682,74,A
1839,1683,74,A
1840,1684,74,A
1841,1685,74,A
1842,1686,74,A
1843,1687,74,A
1844,1688,74,A
1845,1689,74,A
1846,1690,74,A
1847,1691,74,A
1848,1692,74,A
1849,1693,74,A
1850,1694,73,A
1851,1695,73,A
1852,1696,73,A
1853,1697,176,A
1854,1698,176,A
1855,1699,128,A
1856,1700,128,A
1857,1701,128,A
1858,1702,128,A
1859,1703,128,A
1860,1704,35,A
1861,1705,35,A
1862,1706,35,A
1863,1707,35,A
1864,1708,37,A
1865,1709,37,A
1866,1710,37,A
1867,1711,37,A
1868,1712,177,A
1869,1713,177,A
1870,1714,177,A
1871,1715,177,A
1872,1716,157,A
1873,1717,157,A
1874,1718,157,A
1875,1719,157,A
1876,1720,157,A
1877,1721,157,A
1878,1722,159,A
1879,1723,159,A
1880,1724,159,A
1881,1725,159,A
1882,1726,159,A
1883,1727,159,A
1884,1728,159,A
1885,1729,159,A
1886,1730,159,A
1887,1731,159,A
1888,1732,159,A
1889,1733,159,A
1890,1734,159,A
1891,1735,159,A
1892,1736,229,A
1893,1737,229,A
1894,1738,17,A
1895,1739,17,A
1896,1740,17,A
1897,1741,17,A
1898,1742,17,A
1899,1743,17,A
1900,1744,17,A
1901,1745,25,A
1902,1746,25,A
1903,1747,25,A
1904,1748,25,A
1905,1749,25,A
1906,1750,25,A
1907,1751,25,A
1908,1752,25,A
1909,1753,25,A
1910,1754,25,A
1911,1755,25,A
1912,1756,25,A
1913,1757,25,A
1914,1758,48,A
1915,1759,48,A
1916,1760,48,A
1917,1761,48,A
1918,1762,40,A
1919,1763,40,A
1920,1764,40,A
1921,1765,40,A
1922,1766,40,A
1923,1767,40,A
1924,1768,40,A
1925,1769,40,A
1926,1770,40,A
1927,1771,40,A
1928,1772,40,A
1929,1773,52,A
1930,1774,40,A
1931,1775,40,A
1932,1776,40,A
1933,1777,40,A
1934,1778,40,A
1935,1779,70,A
1936,1780,70,A
1937,1781,70,A
1938,1782,70,A
1939,1783,114,A
1940,1784,114,A
1941,1785,35,A
1942,1786,35,A
1943,1787,35,A
1944,1788,17,A
1945,1789,17,A
1946,1790,17,A
1947,1791,17,A
1948,1792,17,A
1949,1793,17,A
1950,1794,17,A
1951,1795,17,A
1952,1796,17,A
1953,1797,17,A
1954,1798,17,A
1955,1799,17,A
1956,1800,17,A
1957,1801,17,A
1958,1802,17,A
1959,1803,25,A
1960,1804,25,A
1961,1805,25,A
1962,1806,25,A
1963,1807,25,A
1964,1808,147,A
1965,1809,147,A
1966,1810,147,A
1967,1811,147,A
1968,1812,147,A
1969,1813,147,A
1970,1814,147,A
1971,1815,147,A
1972,1816,147,A
1973,1817,147,A
1974,1818,37,A
1975,1819,52,A
1976,1820,52,A
1977,1821,52,A
1978,1822,52,A
1979,1823,52,A
1980,1824,140,A
1981,1825,140,A
1982,1826,140,A
1983,1827,140,A
1984,1828,87,A
1985,1829,87,A
1986,1830,87,A
1987,1831,87,A
1988,1832,70,A
1989,1833,70,A
1990,1834,70,A
1991,1835,70,A
1992,1836,70,A
1993,1837,87,A
1994,1838,87,A
1995,1839,87,A
1996,1840,87,A
1997,1841,87,A
1998,1842,117,A
1999,1843,117,A
2000,1844,117,A
2001,1845,188,D
2002,1845,238,T
2003,1846,188,D
2004,1846,238,T
2005,1847,188,D
2006,1847,238,T
2007,1848,37,A
2008,1849,37,A
2009,1850,157,A
2010,1851,157,A
2011,1852,157,A
2012,1853,157,A
2013,1854,157,A
2014,1855,157,A
2015,1856,157,A
2016,1857,157,A
2017,1858,157,A
2018,1859,157,A
2019,1860,157,A
2020,1861,157,A
2021,1862,157,A
2022,1863,157,A
2023,1864,157,A
2024,1865,157,A
2025,1866,157,A
2026,1867,157,A
2027,1868,205,A
2028,1869,205,A
2029,1870,205,A
2030,1871,205,A
2031,1872,205,A
2032,1873,205,A
2033,1874,93,A
2034,1875,114,A
2035,1876,114,A
2036,1877,114,A
2037,1878,114,A
2038,1879,114,A
2039,1880,114,A
2040,1881,114,A
2041,1882,145,A
2042,1883,145,A
2043,1884,145,A
2044,1885,74,A
2045,1886,74,A
2046,1887,74,A
2047,1888,103,A
2048,1889,103,A
2049,1890,103,A
2050,1891,103,A
2051,1892,103,A
2052,1893,103,A
2053,1894,103,A
2054,1895,103,A
2055,1896,103,A
2056,1897,103,A
2057,1898,103,A
2058,1899,103,A
2059,1900,103,A
2060,1901,103,A
2061,1902,103,A
2062,1903,103,A
2063,1904,103,A
2064,1905,103,A
2065,1906,103,A
2066,1907,103,A
2067,1908,103,A
2068,1909,103,A
2069,1910,103,A
2070,1911,156,A
2071,1912,156,A
2072,1913,156,A
2073,1914,36,A
2074,1915,36,A
2075,1916,36,A
2076,1917,70,A
2077,1918,70,A
2078,1919,70,A
2079,1920,123,A
2080,1921,123,A
2081,1922,123,A
2082,1923,126,A
2083,1924,126,A
2084,1925,126,A
2085,1926,14,A
2086,1927,14,A
2087,1928,14,A
2088,1929,156,A
2089,1930,156,A
2090,1931,73,A
2091,1932,73,A
2092,1933,148,A
2093,1934,148,A
2094,1935,120,A
2095,1936,120,A
2096,1937,52,A
2097,1938,52,A
2098,1939,69,A
2099,1940,69,A
2100,1941,69,A
2101,1942,69,A
2102,1943,69,A
2103,1944,73,A
2104,1945,73,A
2105,1946,73,A
2106,1947,73,A
2107,1948,73,A
2108,1949,73,A
2109,1950,114,A
2110,1951,114,A
2111,1952,114,A
2112,1953,114,A
2113,1954,114,A
2114,1955,114,A
2115,1956,114,A
2116,1957,114,A
2117,1958,114,A
2118,1959,114,A
2119,1960,114,A
2120,1961,33,A
2121,1962,33,A
2122,1963,33,A
2123,1964,33,A
2124,1965,33,A
2125,1966,33,A
2126,1967,33,A
2127,1968,33,A
2128,1969,33,A
2129,1970,37,A
2130,1971,37,A
2131,1972,37,A
2132,1973,37,A
2133,1974,37,A
2134,1975,37,A
2135,1976,38,A
2136,1977,38,A
2137,1978,38,A
2138,1979,38,A
2139,1980,38,A
2140,1981,70,A
2141,1982,70,A
2142,1983,70,A
2143,1984,70,A
2144,1985,70,A
2145,1986,70,A
2146,1987,70,A
2147,1988,70,A
2148,1989,70,A
2149,1990,70,A
2150,1991,87,A
2151,1992,87,A
2152,1993,87,A
2153,1994,76,A
2154,1995,76,A
2155,1996,76,A
2156,1997,76,A
2157,1998,76,A
2158,1999,76,A
2159,2000,96,A
2160,2001,96,A
2161,2002,96,A
2162,2003,126,A
2163,2004,126,A
2164,2005,126,A
2165,2006,126,A
2166,2007,126,A
2167,2008,126,A
2168,2009,126,A
2169,2010,126,A
2170,2011,126,A
2171,2012,126,A
2172,2013,126,A
2173,2014,126,A
2174,2015,126,A
2175,2016,76,A
2176,2017,26,A
2177,2018,26,A
2178,2019,26,A
2179,2020,26,A
2180,2021,26,A
2181,2022,26,A
2182,2023,26,A
2183,2024,26,A
2184,2025,26,A
2185,2026,26,A
2186,2027,26,A
2187,2028,25,A
2188,2029,25,A
2189,2030,25,A
2190,2031,25,A
2191,2032,25,A
2192,2033,25,A
2193,2034,57,A
2194,2035,57,A
2195,2036,57,A
2196,2037,90,A
2197,2038,90,A
2198,2039,90,A
2199,2040,90,A
2200,2041,90,A
2201,2042,89,A
2202,2043,89,A
2203,2044,89,A
2204,2045,144,A
2205,2046,144,A
2206,2047,144,A
2207,2048,144,A
2208,2049,144,A
2209,2050,74,A
2210,2051,74,A
2211,2052,74,A
2212,2053,177,A
2213,2054,177,A
2214,2055,177,A
2215,2056,177,A
2216,2057,66,A
2217,2058,66,A
2218,2059,54,A
2219,2060,54,A
2220,2061,54,A
2221,2062,54,A
2222,2063,53,A
2223,2064,53,A
2224,2065,11,A
2225,2066,11,A
2226,2067,11,A
2227,2068,11,A
2228,2069,11,A
2229,2070,11,A
2230,2071,11,A
2231,2072,11,A
2232,2073,27,A
2233,2074,27,A
2234,2075,27,A
2235,2076,27,A
2236,2077,7,A
2237,2078,7,A
2238,2079,7,A
2239,2080,7,A
2240,2081,7,A
2241,2082,7,A
2242,2083,7,A
2243,2084,22,A
2244,2085,22,A
2245,2086,7,A
2246,2087,7,A
2247,2088,7,A
2248,2089,147,A
2249,2090,147,A
2250,2091,147,A
2251,2092,147,A
2252,2093,66,A
2253,2094,66,A
2254,2095,66,A
2255,2096,66,A
2256,2097,66,A
2257,2098,70,A
2258,2099,84,A
2259,2100,84,A
2260,2101,84,A
2261,2102,84,A
2262,2103,84,A
2263,2104,84,A
2264,2105,75,A
2265,2109,75,A
2266,2110,75,A
2267,2111,75,A
2268,2109,75,A
2269,2110,75,A
2270,2111,75,A
2271,2112,51,A
2272,2113,51,A
2273,2114,51,A
2274,2115,38,A
2275,2116,38,A
2276,2117,38,A
2277,2118,38,A
2278,2119,38,A
2279,2120,38,A
2280,2121,38,A
2281,2122,38,A
2282,2123,38,A
2283,2124,84,A
2284,2125,84,A
2285,2126,84,A
2286,2127,84,A
2287,2128,84,A
2288,2129,157,A
2289,2130,157,A
2290,2131,157,A
2291,2132,157,A
2292,2133,225,A
2293,2134,225,A
2294,2135,225,A
2295,2136,225,A
2296,2137,145,A
2297,2138,145,A
2298,2139,145,A
2299,2140,145,A
2300,2141,145,A
2301,2142,145,A
2302,2143,145,A
2303,2144,145,A
2304,2145,145,A
2305,2146,145,A
2306,2147,145,A
2307,2148,13,A
2308,2149,14,A
2309,2150,14,A
2310,2151,14,A
2311,2152,14,A
2312,2153,14,A
2313,2154,154,A
2314,2155,154,A
2315,2156,154,A
2316,2157,154,A
2317,2158,76,A
2318,2159,76,A
2319,2160,76,A
2320,2161,76,A
2321,2162,76,A
2322,2163,100,A
2323,2164,100,A
2324,2165,100,A
2325,2166,100,A
2326,2167,100,A
2327,2168,76,A
2328,2169,76,A
2329,2170,76,A
2330,2171,76,A
2331,2172,76,A
2332,2173,57,A
2333,2174,57,A
2334,2175,57,A
2335,2176,57,A
2336,2177,57,A
2337,2178,57,A
2338,2179,57,D
2339,2179,10,T
2340,2180,57,D
2341,2180,10,T
2342,2181,57,D
2343,2181,10,T
2344,2182,57,A
2345,2183,57,A
2346,2184,57,A
2347,2185,57,A
2348,2186,57,A
2349,2187,57,A
2350,2188,57,A
2351,2189,57,A
2352,2190,57,A
2353,2191,57,A
2354,2192,57,A
2355,2193,41,A
2356,2194,13,A
2357,2195,13,A
2358,2196,13,A
2359,2197,54,A
2360,2198,54,A
2361,2199,54,A
2362,2200,54,A
2363,2201,54,A
2364,2202,54,A
2365,2203,110,A
2366,2204,110,A
2367,2205,110,A
2368,2206,110,A
2369,2207,110,A
2370,2208,110,A
2371,2209,37,A
2372,2210,37,A
2373,2211,37,A
2374,2212,37,A
2375,2213,153,A
2376,2214,153,A
2377,2215,129,A
2378,2216,129,A
2379,2217,129,A
2380,2218,129,A
2381,2219,154,A
2382,2220,154,A
2383,2221,129,A
2384,2222,129,A
2385,2223,153,A
2386,2224,153,A
2387,2225,153,A
2388,2226,153,A
2389,2227,153,A
2390,2228,56,A
2391,2229,56,A
2392,2230,72,A
2393,2231,72,A
2394,2232,72,A
2395,2233,72,A
2396,2234,72,A
2397,2235,72,A
2398,2236,72,A
2399,2237,93,A
2400,2238,93,A
2401,2239,93,A
2402,2240,93,A
2403,2241,93,A
2404,2242,202,A
2405,2243,202,A
2406,2244,202,A
2407,2245,202,A
2408,2246,202,A
2409,2247,202,A
2410,2248,202,A
2411,2249,95,A
2412,2250,95,A
2413,2251,95,A
2414,2252,95,A
2415,2253,95,A
2416,2254,95,A
2417,2255,95,A
2418,2256,95,A
2419,2257,95,A
2420,2258,151,A
2421,2259,151,A
2422,2260,151,A
2423,2261,151,A
2424,2262,151,A
2425,2263,151,A
2426,2264,151,A
2427,2265,151,A
2428,2266,151,A
2429,2267,151,A
2430,2268,151,A
2431,2269,151,A
2432,2270,151,A
2433,2271,151,A
2434,2272,151,A
2435,2273,151,A
2436,2274,84,A
2437,2275,84,A
2438,2276,84,A
2439,2277,84,A
2440,2278,84,A
2441,2279,84,A
2442,2280,84,A
2443,2281,84,A
2444,2282,84,A
2445,2283,176,A
2446,2284,176,A
2447,2285,176,A
2448,2286,176,A
2449,2287,176,A
2450,2288,178,A
2451,2289,178,A
2452,2290,178,A
2453,2291,178,A
2454,2292,178,A
2455,2293,178,A
2456,2294,178,A
2457,2295,178,A
2458,2296,178,A
2459,2297,178,A
2460,2298,178,A
2461,2299,178,A
2462,2300,178,A
2463,2301,178,A
2464,2302,41,A
2465,2303,41,A
2466,2304,41,A
2467,2305,41,A
2468,2306,41,A
2469,2307,41,A
2470,2308,41,A
2471,2309,41,A
2472,2310,41,A
2473,2311,178,A
2474,2312,178,A
2475,2313,178,A
2476,2314,178,A
2477,2315,178,A
2478,2316,178,A
2479,2317,178,A
2480,2318,128,A
2481,2319,128,A
2482,2320,128,A
2483,2321,128,A
2484,2322,128,A
2485,2323,128,A
2486,2324,79,A
2487,2325,79,A
2488,2326,79,A
2489,2327,79,A
2490,2328,79,A
2491,2329,79,A
2492,2330,79,A
2493,2331,79,A
2494,2332,79,A
2495,2333,79,A
2496,2334,79,A
2497,2335,103,A
2498,2336,70,A
2499,2337,70,A
2500,2338,70,A
2501,2339,70,A
2502,2340,119,A
2503,2341,119,A
2504,2342,177,A
2505,2343,177,A
2506,2344,57,A
2507,2345,57,A
2508,2346,154,A
2509,2347,154,A
2510,2348,154,A
2511,2349,201,A
2512,2350,201,A
2513,2351,201,A
2514,2352,170,D
2515,2352,237,T
2516,2353,170,D
2517,2353,237,T
2518,2354,170,D
2519,2354,237,T
2520,2355,170,D
2521,2355,237,T
2522,2356,170,D
2523,2356,237,T
2524,2357,117,A
2525,2358,117,A
2526,2359,117,A
2527,2360,117,A
2528,2361,117,A
2529,2362,117,A
2530,2363,144,A
2531,2364,144,A
2532,2365,144,A
2533,2366,144,A
2534,2367,144,A
2535,2368,70,A
2536,2369,70,A
2537,2370,70,A
2538,2371,70,A
2539,2372,70,A
2540,2373,196,A
2541,2374,196,A
2542,2375,196,A
2543,2376,196,A
2544,2377,196,A
2545,2378,114,A
2546,2379,114,A
2547,2380,114,A
2548,2381,136,A
2549,2382,136,A
2550,2383,136,A
2551,2384,136,A
2552,2385,136,A
2553,2386,136,A
2554,2387,136,A
2555,2388,136,A
2556,2389,136,A
2557,2390,136,A
2558,2391,136,A
2559,2392,117,A
2560,2393,117,A
2561,2394,167,D
2562,2394,234,T
2563,2395,167,D
2564,2395,234,T
2565,2396,167,D
2566,2396,234,T
2567,2397,122,A
2568,2398,122,A
2569,2399,122,A
2570,2400,122,A
2571,2401,122,A
2572,2402,122,A
2573,2403,145,A
2574,2404,145,A
2575,2405,145,A
2576,2406,145,A
2577,2407,145,A
2578,2408,145,A
2579,2409,173,A
2580,2410,173,A
2581,2411,173,A
2582,2412,173,A
2583,2413,173,A
2584,2414,173,A
2585,2415,173,A
2586,2416,173,A
2587,2418,173,A
2588,2418,184,D
2589,2418,251,T
2590,2419,184,D
2591,2419,251,T
2592,2420,184,D
2593,2420,251,T
2594,2421,184,D
2595,2421,251,T
2596,2422,184,D
2597,2422,251,T
2598,2423,184,D
2599,2423,251,T
2600,2424,184,D
2601,2424,251,T
2602,2425,184,D
2603,2425,251,T
2604,2426,184,D
2605,2426,251,T
2606,2427,184,D
2607,2427,251,T
2608,2428,184,D
2609,2428,251,T
2610,2429,184,D
2611,2429,251,T
2612,2430,184,D
2613,2430,251,T
2614,2431,156,A
2615,2432,156,A
2616,2433,156,A
2617,2434,156,A
2618,2435,156,A
2619,2436,156,A
2620,2437,156,A
2621,2438,156,A
2622,2439,131,A
2623,2440,131,A
2624,2441,131,A
2625,2442,156,A
2626,2443,156,A
2627,2444,156,A
2628,2445,154,A
2629,2446,154,A
2630,2447,154,A
2631,2448,154,A
2632,2449,154,A
2633,2450,154,A
2634,2451,154,A
2635,2452,154,A
2636,2453,154,A
2637,2454,131,A
2638,2455,94,A
2639,2456,94,A
2640,2457,94,A
2641,2458,94,A
2642,2459,94,A
2643,2460,94,A
2644,2461,94,A
2645,2462,94,A
2646,2463,94,A
2647,2464,94,A
2648,2465,94,A
2649,2466,94,A
2650,2467,123,A
2651,2468,123,A
2652,2469,131,A
2653,2470,131,A
2654,2471,131,A
2655,2472,132,A
2656,2473,132,A
2657,2474,176,A
2658,2475,176,A
2659,2476,176,A
2660,2477,176,A
2661,2478,176,A
2662,2479,176,A
2663,2480,176,A
2664,2481,176,A
2665,2482,176,A
2666,2483,176,A
2667,2484,176,A
2668,2485,132,A
2669,2486,132,A
2670,2487,132,A
2671,2488,132,A
2672,2489,178,A
2673,2490,178,A
2674,2491,178,A
2675,2492,178,A
2676,2493,94,A
2677,2494,94,A
2678,2495,94,A
2679,2496,94,A
2680,2497,77,A
2681,2498,77,A
2682,2499,77,A
2683,2500,94,A
2684,2501,94,A
2685,2502,94,A
2686,2503,94,A
2687,2504,94,A
2688,2505,94,A
2689,2506,180,A
2690,2507,180,A
2691,2508,180,A
2692,2509,180,A
2693,2510,180,A
2694,2511,180,A
2695,2512,180,A
2696,2513,180,A
2697,2514,207,A
2698,2515,207,A
2699,2516,207,A
2700,2517,131,A
2701,2518,131,A
2702,2519,131,A
2703,2520,131,A
2704,2521,131,A
2705,2522,131,A
2706,2523,179,A
2707,2524,179,A
2708,2525,179,A
2709,2526,179,A
2710,2527,17,A
2711,2528,17,A
2712,2529,17,A
2713,2530,17,A
2714,2531,60,A
2715,2532,60,A
2716,2533,52,A
2717,2534,52,A
2718,2535,52,A
2719,2536,52,A
2720,2537,52,A
2721,2538,52,A
2722,2539,52,A
2723,2540,37,A
2724,2541,95,A
2725,2542,95,A
2726,2543,95,A
2727,2544,95,A
2728,2545,95,A
2729,2546,95,A
2730,2547,95,A
2731,2548,95,A
2732,2549,95,A
2733,2550,95,A
2734,2551,95,A
2735,2552,95,A
2736,2553,95,A
2737,2554,95,A
2738,2555,95,A
2739,2556,152,A
2740,2557,152,A
2741,2558,152,A
2742,2559,152,A
2743,2560,84,A
2744,2561,84,A
2745,2562,84,A
2746,2563,84,A
2747,2564,84,A
2748,2565,84,A
2749,2566,84,A
2750,2567,38,A
2751,2568,38,A
2752,2569,38,A
2753,2570,38,A
2754,2571,38,A
2755,2572,54,A
2756,2573,84,A
2757,2574,84,A
2758,2575,58,A
2759,2576,58,A
2760,2577,56,A
2761,2578,56,A
2762,2579,56,A
2763,2580,56,A
2764,2581,56,A
2765,2582,56,A
2766,2583,60,D
2767,2583,293,T
2768,2584,60,D
2769,2584,293,T
2770,2585,60,D
2771,2585,293,T
2772,2586,60,D
2773,2586,293,T
2774,2587,60,D
2775,2587,293,T
2776,2588,60,D
2777,2588,293,T
2778,2589,60,D
2779,2589,293,T
2780,2590,60,D
2781,2590,293,T
2782,2591,60,D
2783,2591,293,T
2784,2592,60,D
2785,2592,293,T
2786,2593,60,D
2787,2593,293,T
2788,2594,60,D
2789,2594,293,T
2790,2595,60,D
2791,2595,10,T
2792,2596,60,D
2793,2596,10,T
2794,2597,60,D
2795,2597,10,T
2796,2598,60,D
2797,2598,10,T
2798,2599,60,D
2799,2599,10,T
2800,2600,60,D
2801,2600,10,T
2802,2601,60,D
2803,2601,10,T
2804,2602,60,D
2805,2602,10,T
2806,2603,60,D
2807,2603,10,T
2808,2604,73,A
2809,2605,73,A
2810,2606,73,A
2811,2607,73,A
2812,2608,73,A
2813,2609,73,A
2814,2610,56,A
2815,2611,56,A
2816,2612,56,A
2817,2613,224,A
2818,2614,224,A
2819,2615,224,A
2820,2616,224,A
2821,2617,224,A
2822,2618,224,A
2823,2619,224,A
2824,2620,122,A
2825,2621,122,A
2826,2622,122,A
2827,2623,122,A
2828,2624,122,A
2829,2625,122,A
2830,2626,13,A
2831,2627,13,A
2832,2628,13,A
2833,2629,13,A
2834,2630,13,A
2835,2631,13,A
2836,2632,13,A
2837,2633,13,A
2838,2634,13,A
2839,2635,13,A
2840,2636,13,A
2841,2637,13,A
2842,2638,13,A
2843,2639,13,A
2844,2640,60,A
2845,2641,60,A
2846,2642,60,A
2847,2643,60,A
2848,2644,60,A
2849,2645,60,A
2850,2646,1,A
2851,2647,1,A
2852,2648,1,A
2853,2649,1,A
2854,2650,1,A
2855,2651,1,A
2856,2652,48,A
2857,2653,48,A
2858,2654,48,A
2859,2655,48,A
2860,2656,38,A
2861,2657,38,A
2862,2658,38,A
2863,2659,38,A
2864,2660,38,A
2865,2661,38,A
2866,2662,38,A
2867,2663,73,A
2868,2664,73,A
2869,2665,73,A
2870,2666,73,A
2871,2667,73,A
2872,2668,73,A
2873,2669,37,A
2874,2670,37,A
2875,2671,37,A
2876,2672,27,A
2877,2673,27,A
2878,2674,27,A
2879,2675,37,A
2880,2676,37,A
2881,2677,37,A
2882,2678,178,A
2883,2679,178,A
2884,2680,178,A
2885,2681,178,A
2886,2682,178,A
2887,2683,178,A
2888,2684,178,A
2889,2685,178,A
2890,2686,178,A
2891,2687,178,A
2892,2688,178,A
2893,2689,178,A
2894,2690,178,A
2895,2691,178,A
2896,2692,178,A
2897,2693,178,A
2898,2694,178,A
2899,2695,178,A
2900,2696,54,A
2901,2697,54,A
2902,2698,54,A
2903,2699,54,A
2904,2700,54,A
2905,2701,54,A
2906,2702,54,A
2907,2703,54,A
2908,2704,54,A
2909,2705,54,A
2910,2706,54,A
2911,2707,78,A
2912,2708,78,A
2913,2709,78,A
2914,2710,78,A
2915,2711,78,A
2916,2712,78,A
2917,2713,78,A
2918,2714,78,A
2919,2715,96,A
2920,2716,96,A
2921,2717,96,A
2922,2718,96,A
2923,2719,96,A
2924,2720,96,A
2925,2721,96,A
2926,2722,148,A
2927,2723,148,A
2928,2724,148,A
2929,2725,148,A
2930,2726,148,A
2931,2727,148,A
2932,2728,148,A
2933,2729,148,A
2934,2730,148,A
2935,2731,27,A
2936,2732,31,A
2937,2733,31,A
2938,2734,31,A
2939,2735,31,A
2940,2736,31,A
2941,2737,183,D
2942,2737,290,T
2943,2738,160,D
2944,2738,277,T
2945,2739,133,D
2946,2739,289,T
2947,2740,133,D
2948,2740,289,T
2949,2741,263,D
2950,2741,283,T
2951,2742,134,D
2952,2742,268,T
2953,2743,159,A
2954,2744,159,A
2955,2745,159,A
2956,2746,159,A
2957,2747,159,A
2958,2748,159,A
2959,2749,159,A
2960,2750,159,A
2961,2751,159,A
2962,2752,159,A
2963,2753,159,A
2964,2754,159,A
2965,2755,159,A
2966,2756,159,A
2967,2757,159,A
2968,2758,159,A
2969,2759,159,A
2970,2760,159,A
2971,2761,159,A
2972,2762,159,A
2973,2763,159,A
2974,2764,197,A
2975,2765,197,A
2976,2766,197,A
2977,2767,197,A
2978,2768,197,A
2979,2769,158,A
2980,2770,158,A
2981,2771,158,A
2982,2772,158,A
2983,2773,197,A
2984,2774,197,A
2985,2775,197,A
2986,2776,197,A
2987,2777,197,A
2988,2778,195,A
2989,2779,195,A
2990,2780,195,A
2991,2781,195,A
2992,2782,195,A
2993,2783,195,A
2994,2784,195,A
2995,2785,242,A
2996,2786,242,A
2997,2787,242,A
2998,2788,96,A
2999,2789,96,A
3000,2790,96,A
3001,2791,96,A
3002,2792,96,A
3003,2793,96,A
3004,2794,96,A
3005,2795,96,A
3006,2796,96,A
3007,2797,96,A
3008,2798,96,A
3009,2799,154,A
3010,2800,154,A
3011,2801,153,A
3012,2802,153,A
3013,2803,153,A
3014,2804,153,A
3015,2805,153,A
3016,2806,153,A
3017,2807,202,A
3018,2808,202,A
3019,2809,202,A
3020,2810,202,A
3021,2811,201,A
3022,2812,201,A
3023,2813,201,A
3024,2814,201,A
3025,2815,201,A
3026,2816,201,A
3027,2817,201,A
3028,2818,201,A
3029,2819,201,A
3030,2820,201,A
3031,2821,195,A
3032,2822,195,A
3033,2823,195,A
3034,2824,195,A
3035,2825,195,A
3036,2826,195,A
3037,2827,195,A
3038,2828,195,A
3039,2829,195,A
3040,2830,195,A
3041,2831,149,A
3042,2832,149,A
3043,2833,149,A
3044,2834,149,A
3045,2835,149,A
3046,2836,149,A
3047,2837,149,A
3048,2838,149,A
3049,2839,194,A
3050,2840,194,A
3051,2841,194,A
3052,2842,194,A
3053,2843,194,A
3054,2844,239,A
3055,2845,239,A
3056,2846,239,A
3057,2847,239,A
3058,2848,239,A
3059,2849,239,A
3060,2850,239,A
3061,2851,239,A
3062,2852,239,A
3063,2853,239,A
3064,2854,220,A
3065,2855,220,A
3066,2856,220,A
3067,2857,74,A
3068,2858,74,A
3069,2859,74,A
3070,2860,74,A
3071,2861,74,A
3072,2862,92,A
3073,2863,92,A
3074,2864,92,A
3075,2865,92,A
3076,2866,92,A
3077,2867,92,A
3078,2868,84,A
3079,2869,117,A
3080,2870,117,A
3081,2871,149,A
3082,2872,122,A
3083,2873,122,A
3084,2874,122,A
3085,2875,122,A
3086,2876,122,A
3087,2877,117,A
3088,2878,117,A
3089,2879,117,A
3090,2880,117,A
3091,2881,117,A
3092,2882,117,A
3093,2883,117,A
3094,2884,117,A
3095,2885,117,A
3096,2886,148,A
3097,2887,148,A
3098,2888,153,A
3099,2889,153,A
3100,2890,153,A
3101,2891,153,A
3102,2892,153,A
3103,2893,28,A
3104,2894,28,A
3105,2895,28,A
3106,2896,28,A
3107,2897,90,A
3108,2898,90,A
3109,2899,52,A
3110,2900,52,A
3111,2901,52,A
3112,2902,52,A
3113,2903,96,A
3114,2904,96,A
3115,2905,96,A
3116,2906,96,A
3117,2907,137,D
3118,2907,209,T
3119,2908,137,D
3120,2908,209,T
3121,2909,137,D
3122,2909,209,T
3123,2910,137,D
3124,2910,209,T
3125,2911,137,D
3126,2911,209,T
3127,2912,137,D
3128,2912,209,T
3129,2913,137,D
3130,2913,209,T
3131,2914,137,D
3132,2914,209,T
3133,2915,137,D
3134,2915,209,T
3135,2916,137,D
3136,2916,209,T
3137,2917,137,D
3138,2917,209,T
3139,2918,137,D
3140,2918,209,T
3141,2919,137,D
3142,2919,209,T
3143,2920,137,D
3144,2920,209,T
3145,2921,137,D
3146,2921,209,T
3147,2922,137,D
3148,2922,209,T
3149,2923,166,D
3150,2923,258,T
3151,2924,166,D
3152,2924,258,T
3153,2925,166,D
3154,2925,258,T
3155,2926,166,D
3156,2926,258,T
3157,2927,201,A
3158,2928,201,A
3159,2929,201,A
3160,2930,137,D
3161,2930,209,T
3162,2931,137,D
3163,2931,209,T
3164,2932,137,D
3165,2932,209,T
3166,2933,137,D
3167,2933,209,T
3168,2934,137,D
3169,2934,209,T
3170,2935,137,D
3171,2935,209,T
3172,2936,137,D
3173,2936,209,T
3174,2937,110,D
3175,2937,164,T
3176,2938,110,D
3177,2938,164,T
3178,2939,110,D
3179,2939,164,T
3180,2940,110,D
3181,2940,164,T
3182,2941,170,D
3183,2941,257,T
3184,2942,170,D
3185,2942,257,T
3186,2943,170,D
3187,2943,257,T
3188,2944,170,D
3189,2944,257,T
3190,2945,170,D
3191,2945,257,T
3192,2946,170,D
3193,2946,257,T
3194,2947,170,D
3195,2947,257,T
3196,2948,163,D
3197,2948,254,T
3198,2949,163,D
3199,2949,254,T
3200,2950,163,D
3201,2950,254,T
3202,2951,163,D
3203,2951,254,T
3204,2952,163,D
3205,2952,254,T
3206,2953,37,A
3207,2954,37,A
3208,2955,37,A
3209,2956,37,A
3210,2957,37,A
3211,2958,37,A
3212,2959,37,A
3213,2960,37,A
3214,2961,37,A
3215,2962,37,A
3216,2963,38,A
3217,2964,38,A
3218,2965,38,A
3219,2966,38,A
3220,2967,38,A
3221,2968,38,A
3222,2969,38,A
3223,2970,38,A
3224,2971,38,A
3225,2972,38,A
3226,2973,56,A
3227,2974,56,A
3228,2975,56,A
3229,2976,56,A
3230,2977,56,A
3231,2978,56,A
3232,2979,56,A
3233,2980,74,A
3234,2981,74,A
3235,2982,74,A
3236,2983,74,A
3237,2984,74,A
3238,2985,74,A
3239,2986,95,A
3240,2987,95,A
3241,2988,95,A
3242,2989,95,A
3243,2990,69,A
3244,2991,69,A
3245,2992,69,A
3246,2993,69,A
3247,2994,35,A
3248,2995,35,A
3249,2996,35,A
3250,2997,35,A
3251,2998,26,A
3252,2999,26,A
3253,3000,48,A
3254,3001,48,A
3255,3002,48,A
3256,3003,48,A
3257,3004,48,A
3258,3005,48,A
3259,3006,49,A
3260,3007,49,A
3261,3008,49,A
3262,3009,70,A
3263,3010,70,A
3264,3011,70,A
3265,3012,70,A
3266,3013,70,A
3267,3014,70,A
3268,3015,70,A
3269,3016,70,A
3270,3017,70,A
3271,3018,70,A
3272,3019,70,A
3273,3020,54,A
3274,3021,54,A
3275,3022,54,A
3276,3023,54,A
3277,3024,54,A
3278,3025,54,A
3279,3026,54,A
3280,3027,54,A
3281,3028,54,A
3282,3029,54,A
3283,3030,70,A
3284,3031,110,D
3285,3031,164,T
3286,3032,110,D
3287,3032,164,T
3288,3033,110,D
3289,3033,164,T
3290,3034,110,D
3291,3034,164,T
3292,3035,110,D
3293,3035,164,T
3294,3036,110,D
3295,3036,164,T
3296,3037,110,D
3297,3037,164,T
3298,3038,70,A
3299,3039,54,A
3300,3040,54,A
3301,3041,54,A
3302,3042,54,A
3303,3043,54,A
3304,3044,70,A
3305,3045,70,A
3306,3046,70,A
3307,3047,70,A
3308,3048,70,A
3309,3049,70,A
3310,3050,70,A
3311,3051,70,A
3312,3052,70,A
3313,3053,70,A
3314,3054,70,A
3315,3055,191,A
3316,3056,191,A
3317,3057,191,A
3318,3058,191,A
3319,3059,118,A
3320,3060,118,A
3321,3061,118,A
3322,3062,118,A
3323,3063,118,A
3324,3064,184,D
3325,3064,234,T
3326,3065,184,D
3327,3065,234,T
3328,3066,184,D
3329,3066,234,T
3330,3067,184,D
3331,3067,234,T
3332,3068,184,D
3333,3068,234,T
3334,3069,184,D
3335,3069,234,T
3336,3070,184,D
3337,3070,234,T
3338,3071,70,A
3339,3072,70,A
3340,3073,70,A
3341,3074,70,A
3342,3075,70,A
3343,3076,70,A
3344,3077,70,A
3345,3078,110,D
3346,3078,164,T
3347,3079,110,D
3348,3079,164,T
3349,3080,117,A
3350,3081,89,A
3351,3082,89,A
3352,3083,169,A
3353,3084,169,A
3354,3085,169,A
3355,3086,169,A
3356,3087,169,A
3357,3088,169,A
3358,3089,169,A
3359,3090,169,A
3360,3091,169,A
3361,3092,169,A
3362,3093,169,A
3363,3094,74,A
3364,3095,74,A
3365,3096,88,A
3366,3097,88,A
3367,3098,88,A
3368,3099,88,A
3369,3100,88,A
3370,3101,110,A
3371,3102,117,A
3372,3103,117,A
3373,3104,117,A
3374,3105,222,A
3375,3106,222,A
3376,3107,222,A
3377,3108,202,A
3378,3109,202,A
3379,3110,197,A
3380,3111,222,A
3381,3112,222,A
3382,3113,222,A
3383,3114,245,A
3384,3115,245,A
3385,3116,245,A
3386,3117,245,A
3387,3118,245,A
3388,3119,245,A
3389,3120,245,A
3390,3121,245,A
3391,3122,145,A
3392,3123,145,A
3393,3124,145,A
3394,3125,145,A
3395,3126,145,A
3396,3127,145,A
3397,3131,149,A
3398,3132,149,A
3399,3133,149,A
3400,3131,219,A
3401,3132,219,A
3402,3133,219,A
3403,3134,192,A
3404,3135,146,D
3405,3135,192,T
3406,3136,146,D
3407,3136,192,T
3408,3137,146,D
3409,3137,192,T
3410,3138,146,D
3411,3138,192,T
3412,3139,146,D
3413,3139,192,T
3414,3140,146,D
3415,3140,192,T
3416,3141,146,D
3417,3141,192,T
3418,3142,146,D
3419,3142,192,T
3420,3143,244,A
3421,3144,244,A
3422,3145,244,A
3423,3146,202,A
3424,3147,202,A
3425,3148,202,A
3426,3149,202,A
3427,3150,202,A
3428,3151,202,A
3429,3152,202,A
3430,3153,202,A
3431,3154,202,A
3432,3155,202,A
3433,3156,202,A
3434,3157,202,A
3435,3158,200,A
3436,3159,200,A
3437,3160,200,A
3438,3161,200,A
3439,3162,200,A
3440,3163,200,A
3441,3164,200,A
3442,3165,151,A
3443,3166,151,A
3444,3167,151,A
3445,3168,151,A
3446,3169,151,A
3447,3170,151,A
3448,3171,122,A
3449,3172,122,A
3450,3173,118,A
3451,3174,118,A
3452,3175,118,A
3453,3176,118,A
3454,3177,118,A
3455,3178,118,A
3456,3179,118,A
3457,3180,118,A
3458,3181,118,A
3459,3182,118,A
3460,3183,118,A
3461,3184,118,A
3462,3185,118,A
3463,3186,118,A
3464,3187,122,A
3465,3188,118,A
3466,3189,70,A
3467,3190,70,A
3468,3191,70,A
3469,3192,70,A
3470,3193,70,A
3471,3194,110,D
3472,3194,164,T
3473,3195,110,D
3474,3195,164,T
3475,3196,110,D
3476,3196,164,T
3477,3197,110,D
3478,3197,164,T
3479,3198,110,D
3480,3198,164,T
3481,3199,110,D
3482,3199,164,T
3483,3200,110,D
3484,3200,164,T
3485,3201,110,D
3486,3201,164,T
3487,3202,110,D
3488,3202,164,T
3489,3203,110,D
3490,3203,164,T
3491,3204,110,D
3492,3204,164,T
3493,3205,70,A
3494,3206,70,A
3495,3207,169,A
3496,3208,164,A
3497,3209,164,A
3498,3210,164,A
3499,3211,164,A
3500,3212,164,A
3501,3213,164,A
3502,3214,164,A
3503,3215,164,A
3504,3216,164,A
3505,3217,164,A
3506,3218,164,A
3507,3219,164,A
3508,3220,164,A
3509,3221,164,A
3510,3222,164,A
3511,3223,183,D
3512,3223,268,T
3513,3224,183,D
3514,3224,268,T
3515,3225,183,D
3516,3225,268,T
3517,3226,169,A
3518,3227,169,A
3519,3228,169,A
3520,3229,169,A
3521,3230,190,A
3522,3231,190,A
3523,3232,169,A
3524,3233,169,A
3525,3234,187,D
3526,3234,252,T
3527,3235,187,D
3528,3235,252,T
3529,3236,187,D
3530,3236,252,T
3531,3237,187,D
3532,3237,252,T
3533,3238,187,D
3534,3238,252,T
3535,3239,187,D
3536,3239,252,T
3537,3240,187,D
3538,3240,252,T
3539,3241,187,D
3540,3241,252,T
3541,3242,187,D
3542,3242,252,T
3543,3243,187,D
3544,3243,252,T
3545,3244,187,D
3546,3244,252,T
3547,3245,187,D
3548,3245,252,T
3549,3246,187,D
3550,3246,252,T
3551,3247,187,D
3552,3247,252,T
3553,3248,187,D
3554,3248,252,T
3555,3249,187,D
3556,3249,252,T
3557,3250,109,D
3558,3250,183,T
3559,3251,109,D
3560,3251,183,T
3561,3252,109,D
3562,3252,183,T
3563,3253,70,D
3564,3253,113,T
3565,3254,70,D
3566,3254,113,T
3567,3255,70,D
3568,3255,113,T
3569,3256,70,D
3570,3256,113,T
3571,3257,70,D
3572,3257,113,T
3573,3258,70,D
3574,3258,113,T
3575,3259,70,D
3576,3259,113,T
3577,3260,70,D
3578,3260,113,T
3579,3261,70,D
3580,3261,113,T
3581,3262,70,D
3582,3262,113,T
3583,3263,70,D
3584,3263,113,T
3585,3264,70,D
3586,3264,113,T
3587,3265,70,D
3588,3265,113,T
3589,3266,70,D
3590,3266,113,T
3591,3267,70,D
3592,3267,113,T
3593,3268,70,D
3594,3268,113,T
3595,3269,70,D
3596,3269,113,T
3597,3270,70,D
3598,3270,113,T
3599,3271,70,D
3600,3271,113,T
3601,3272,70,D
3602,3272,113,T
3603,3273,70,D
3604,3273,113,T
3605,3274,165,D
3606,3274,270,T
3607,3275,165,D
3608,3275,270,T
3609,3276,59,A
3610,3277,59,A
3611,3278,59,A
3612,3279,128,A
3613,3280,128,A
3614,3281,128,A
3615,3282,128,A
3616,3283,128,A
3617,3284,128,A
3618,3285,128,A
3619,3286,128,A
3620,3287,128,A
3621,3288,128,A
3622,3289,128,A
3623,3290,128,A
3624,3291,128,A
3625,3292,128,A
3626,3293,128,A
3627,3294,128,A
3628,3295,132,A
3629,3296,132,A
3630,3297,132,A
3631,3298,132,A
3632,3299,132,A
3633,3300,132,A
3634,3301,128,A
3635,3302,128,A
3636,3303,95,A
3637,3304,95,A
3638,3305,95,A
3639,3306,95,A
3640,3307,75,A
3641,3308,75,A
3642,3309,75,A
3643,3310,75,A
3644,3311,75,A
3645,3312,75,A
3646,3313,75,A
3647,3314,75,A
3648,3315,75,A
3649,3316,75,A
3650,3317,75,A
3651,3318,75,A
3652,3319,75,A
3653,3320,95,A
3654,3321,95,A
3655,3322,95,A
3656,3323,95,A
3657,3324,95,A
3658,3325,95,A
3659,3326,95,A
3660,3327,75,A
3661,3328,75,A
3662,3329,75,A
3663,3330,95,A
3664,3331,95,A
3665,3332,95,A
3666,3333,55,A
3667,3334,55,A
3668,3335,55,A
3669,3336,55,A
3670,3337,55,A
3671,3338,81,A
3672,3339,81,A
3673,3340,81,A
3674,3341,81,A
3675,3342,81,A
3676,3343,81,A
3677,3344,81,A
3678,3345,81,A
3679,3346,49,A
3680,3347,49,A
3681,3348,49,A
3682,3349,49,A
3683,3350,49,A
3684,3351,49,A
3685,3352,49,A
3686,3353,49,A
3687,3354,65,A
3688,3355,65,A
3689,3356,65,A
3690,3357,65,A
3691,3358,49,A
3692,3359,49,A
3693,3360,49,A
3694,3361,165,A
3695,3362,165,A
3696,3363,165,A
3697,3364,165,A
3698,3365,35,A
3699,3366,35,A
3700,3367,35,A
3701,3368,35,A
3702,3369,35,A
3703,3370,35,A
3704,3371,70,A
3705,3372,70,A
3706,3373,70,A
3707,3374,70,A
3708,3375,87,A
3709,3376,87,A
3710,3377,87,A
3711,3378,87,A
3712,3379,52,A
3713,3380,52,A
3714,3381,52,A
3715,3382,52,A
3716,3383,52,A
3717,3384,72,A
3718,3385,132,A
3719,3386,132,A
3720,3387,132,A
3721,3388,229,A
3722,3389,229,A
3723,3390,229,A
3724,3391,226,A
3725,3392,226,A
3726,3393,226,A
3727,3394,226,A
3728,3395,226,A
3729,3396,226,A
3730,3397,226,A
3731,3398,226,A
3732,3399,226,A
3733,3400,226,A
3734,3401,226,A
3735,3402,226,A
3736,3403,226,A
3737,3404,178,A
3738,3405,178,A
3739,3406,78,A
3740,3407,78,A
3741,3408,78,A
3742,3409,37,A
3743,3410,37,A
3744,3411,37,A
3745,3412,37,A
3746,3413,37,A
3747,3414,37,A
3748,3415,37,A
3749,3416,37,A
3750,3417,37,A
3751,3418,37,A
3752,3419,37,A
3753,3420,37,A
3754,3421,37,A
3755,3422,37,A
3756,3423,37,A
3757,3424,37,A
3758,3425,37,A
3759,3426,37,A
3760,3427,37,A
3761,3428,37,A
3762,3429,37,A
3763,3430,226,A
3764,3431,226,A
3765,3432,226,A
3766,3433,226,A
3767,3434,226,A
3768,3435,222,A
3769,3436,222,A
3770,3437,222,A
3771,3438,222,A
3772,3439,222,A
3773,3440,96,A
3774,3441,96,A
3775,3442,96,A
3776,3443,96,A
3777,3444,96,A
3778,3445,203,A
3779,3446,203,A
3780,3447,203,A
3781,3448,205,A
3782,3449,205,A
3783,3450,205,A
3784,3451,205,A
3785,3452,205,A
3786,3453,205,A
3787,3454,157,A
3788,3455,157,A
3789,3456,157,A
3790,3457,93,A
3791,3458,93,A
3792,3459,93,A
3793,3460,93,A
3794,3461,93,A
3795,3462,93,A
3796,3463,93,A
3797,3464,93,A
3798,3465,119,A
3799,3466,119,A
3800,3467,119,A
3801,3468,119,A
3802,3469,119,A
3803,3470,119,A
3804,3471,119,A
3805,3472,119,A
3806,3473,119,A
3807,3474,40,A
3808,3475,40,A
3809,3476,40,A
3810,3477,74,A
3811,3478,74,A
3812,3479,74,A
3813,3480,74,A
3814,3481,111,D
3815,3481,170,T
3816,3482,111,D
3817,3482,170,T
3818,3483,111,D
3819,3483,170,T
3820,3484,111,D
3821,3484,170,T
3822,3485,111,D
3823,3485,170,T
3824,3486,111,D
3825,3486,170,T
3826,3487,115,D
3827,3487,170,T
3828,3488,115,D
3829,3488,170,T
3830,3489,115,D
3831,3489,170,T
3832,3490,115,D
3833,3490,170,T
3834,3491,115,D
3835,3491,170,T
3836,3492,115,D
3837,3492,170,T
3838,3493,115,D
3839,3493,170,T
3840,3494,90,A
3841,3495,90,A
3842,3496,104,A
3843,3497,104,A
3844,3498,104,A
3845,3499,104,A
3846,3500,104,A
3847,3501,205,A
3848,3502,205,A
3849,3503,205,A
3850,3504,205,A
3851,3505,205,A
3852,3506,205,A
3853,3507,205,A
3854,3508,205,A
3855,3509,205,A
3856,3510,205,A
3857,3511,131,A
3858,3512,131,A
3859,3513,131,A
3860,3514,131,A
3861,3515,131,A
3862,3516,71,A
3863,3517,71,A
3864,3518,71,A
3865,3519,18,A
3866,3520,18,A
3867,3521,18,A
3868,3522,18,A
3869,3523,18,A
3870,3524,18,A
3871,3525,18,A
3872,3526,18,A
3873,3527,18,A
3874,3528,74,A
3875,3529,74,A
3876,3530,74,A
3877,3531,74,A
3878,3532,74,A
3879,3533,74,A
3880,3534,74,A
3881,3535,127,A
3882,3536,127,A
3883,3537,127,A
3884,3538,127,A
3885,3539,127,A
3886,3540,127,A
3887,3541,127,A
3888,3542,127,A
3889,3543,155,A
3890,3544,155,A
3891,3545,155,A
3892,3546,38,A
3893,3547,38,A
3894,3548,38,A
3895,3549,38,A
3896,3550,38,A
3897,3551,61,A
3898,3552,203,A
3899,3553,203,A
3900,3554,203,A
3901,3555,203,A
3902,3556,203,A
3903,3557,203,A
3904,3558,157,A
3905,3559,157,A
3906,3560,157,A
3907,3561,157,A
3908,3562,157,A
3909,3563,202,A
3910,3564,202,A
3911,3565,177,A
3912,3566,177,A
3913,3567,226,A
3914,3568,226,A
3915,3569,226,A
3916,3570,226,A
3917,3571,37,A
3918,3572,37,A
3919,3573,37,A
3920,3574,37,A
3921,3575,37,A
3922,3576,27,A
3923,3577,27,A
3924,3578,37,A
3925,3579,37,A
3926,3580,37,A
3927,3581,37,A
3928,3582,52,A
3929,3583,52,A
3930,3584,52,A
3931,3585,52,A
3932,3586,72,A
3933,3587,72,A
3934,3588,72,A
3935,3589,72,A
3936,3590,72,A
3937,3591,72,A
3938,3592,72,A
3939,3593,72,A
3940,3594,72,A
3941,3595,72,A
3942,3596,72,A
3943,3597,90,A
3944,3598,90,A
3945,3599,90,A
3946,3600,156,A
3947,3601,156,A
3948,3602,156,A
3949,3603,156,A
3950,3604,156,A
3951,3605,156,A
3952,3606,154,A
3953,3607,154,A
3954,3608,154,A
3955,3609,154,A
3956,3610,154,A
3957,3611,154,A
3958,3612,154,A
3959,3613,54,A
3960,3614,54,A
3961,3615,54,A
3962,3616,54,A
3963,3617,54,A
3964,3618,54,A
3965,3619,54,A
3966,3620,54,A
3967,3621,54,A
3968,3622,54,A
3969,3623,38,A
3970,3624,38,A
3971,3625,38,A
3972,3626,225,A
3973,3627,225,A
3974,3628,225,A
3975,3629,225,A
3976,3630,225,A
3977,3631,225,A
3978,3632,225,A
3979,3633,96,A
3980,3634,96,A
3981,3635,96,A
3982,3636,96,A
3983,3637,96,A
3984,3638,96,A
3985,3639,96,A
3986,3640,96,A
3987,3641,96,A
3988,3642,96,A
3989,3643,96,A
3990,3644,96,A
3991,3645,96,A
3992,3646,96,A
3993,3647,107,D
3994,3647,290,T
3995,3648,107,D
3996,3648,290,T
3997,3649,107,D
3998,3649,290,T
3999,3650,107,D
4000,3650,290,T
4001,3651,107,D
4002,3651,290,T
4003,3652,107,D
4004,3652,290,T
4005,3653,17,A
4006,3654,17,A
4007,3655,17,A
4008,3656,17,A
4009,3657,17,A
4010,3658,17,A
4011,3659,17,A
4012,3660,17,A
4013,3661,17,A
4014,3662,17,A
4015,3663,17,A
4016,3664,17,A
4017,3665,17,A
4018,3666,48,A
4019,3667,48,A
4020,3668,48,A
4021,3669,48,A
4022,3670,48,A
4023,3671,48,A
4024,3672,48,A
4025,3673,48,A
4026,3674,37,A
4027,3675,37,A
4028,3676,25,A
4029,3677,25,A
4030,3678,37,A
4031,3679,37,A
4032,3680,37,A
4033,3681,49,A
4034,3682,49,A
4035,3683,49,A
4036,3684,49,A
4037,3685,49,A
4038,3686,49,A
4039,3687,49,A
4040,3688,37,A
4041,3689,37,A
4042,3690,37,A
4043,3691,65,A
4044,3692,65,A
4045,3693,65,A
4046,3694,65,A
4047,3695,65,A
4048,3696,65,A
4049,3697,52,A
4050,3698,73,A
4051,3699,73,A
4052,3700,73,A
4053,3701,73,A
4054,3702,38,A
4055,3703,38,A
4056,3704,38,A
4057,3705,35,A
4058,3706,35,A
4059,3707,35,A
4060,3708,35,A
4061,3709,35,A
4062,3710,35,A
4063,3711,35,A
4064,3712,70,A
4065,3713,70,A
4066,3714,70,A
4067,3715,70,A
4068,3716,70,A
4069,3717,70,A
4070,3718,70,A
4071,3719,54,A
4072,3720,54,A
4073,3721,54,A
4074,3722,54,A
4075,3723,54,A
4076,3724,110,A
4077,3725,110,A
4078,3726,110,A
4079,3727,110,A
4080,3728,110,A
4081,3729,110,A
4082,3730,110,A
4083,3731,110,A
4084,3732,110,A
4085,3733,70,A
4086,3734,70,A
4087,3735,114,A
4088,3736,114,A
4089,3737,114,A
4090,3738,114,A
4091,3739,114,A
4092,3740,114,A
4093,3741,114,A
4094,3742,114,A
4095,3743,114,A
4096,3744,114,A
4097,3745,28,A
4098,3746,28,A
4099,3747,28,A
4100,3748,40,A
4101,3749,40,A
4102,3750,40,A
4103,3751,40,A
4104,3752,40,A
4105,3753,72,A
4106,3754,72,A
4107,3755,72,A
4108,3756,72,A
4109,3757,72,A
4110,3758,72,A
4111,3759,72,A
4112,3760,72,A
4113,3761,54,A
4114,3762,54,A
4115,3763,141,A
4116,3764,141,A
4117,3765,141,A
4118,3766,141,A
4119,3767,90,A
4120,3768,90,A
4121,3769,90,A
4122,3770,90,A
4123,3771,70,A
4124,3772,70,A
4125,3773,70,A
4126,3774,70,A
4127,3775,70,A
4128,3776,70,A
4129,3777,70,A
4130,3778,70,A
4131,3779,70,A
4132,3780,70,A
4133,3781,119,A
4134,3782,119,A
4135,3783,119,A
4136,3792,56,A
4137,3793,56,A
4138,3794,56,A
4139,3795,56,A
4140,3796,56,A
4141,3789,56,A
4142,3790,56,A
4143,3791,56,A
4144,3792,102,A
4145,3793,102,A
4146,3794,102,A
4147,3795,102,A
4148,3796,102,A
4149,3797,141,A
4150,3798,141,A
4151,3799,141,A
4152,3800,141,A
4153,3801,141,A
4154,3802,141,A
4155,3803,89,A
4156,3804,89,A
4157,3805,89,A
4158,3806,89,A
4159,3807,89,A
4160,3808,89,A
4161,3809,89,A
4162,3810,89,A
4163,3811,89,A
4164,3812,54,A
4165,3813,72,A
4166,3814,72,A
4167,3815,117,A
4168,3816,117,A
4169,3817,117,A
4170,3818,117,A
4171,3819,117,A
4172,3820,117,A
4173,3821,117,A
4174,3822,117,A
4175,3823,117,A
4176,3824,117,A
4177,3825,117,A
4178,3826,117,A
4179,3827,74,A
4180,3828,74,A
4181,3829,74,A
4182,3830,74,A
4183,3831,74,A
4184,3832,95,A
4185,3833,95,A
4186,3834,95,A
4187,3835,95,A
4188,3836,95,A
4189,3837,95,A
4190,3838,95,A
4191,3839,95,A
4192,3840,95,A
4193,3841,95,A
4194,3842,95,A
4195,3843,95,A
4196,3844,74,A
4197,3845,74,A
4198,3846,74,A
4199,3847,74,A
4200,3848,74,A
4201,3849,74,A
4202,3850,74,A
4203,3851,74,A
4204,3852,74,A
4205,3853,74,A
4206,3854,74,A
4207,3855,74,A
4208,3856,74,A
4209,3857,74,A
4210,3858,74,A
4211,3859,74,A
4212,3860,74,A
4213,3861,74,A
4214,3862,74,A
4215,3863,74,A
4216,3864,74,A
4217,3865,25,A
4218,3866,25,A
4219,3867,25,A
4220,3868,28,A
4221,3869,25,A
4222,3870,25,A
4223,3871,141,A
4224,3872,141,A
4225,3873,141,A
4226,3874,141,A
4227,3875,141,A
4228,3876,141,A
4229,3877,141,D
4230,3877,218,T
4231,3878,141,D
4232,3878,218,T
4233,3879,141,D
4234,3879,218,T
4235,3880,141,D
4236,3880,218,T
4237,3881,141,D
4238,3881,218,T
4239,3882,141,D
4240,3882,218,T
4241,3883,68,D
4242,3883,186,T
4243,3884,68,D
4244,3884,186,T
4245,3885,68,D
4246,3885,186,T
4247,3886,70,D
4248,3886,168,T
4249,3887,70,D
4250,3887,168,T
4251,3888,70,D
4252,3888,168,T
4253,3889,68,D
4254,3889,186,T
4255,3890,68,D
4256,3890,186,T
4257,3891,68,D
4258,3891,186,T
4259,3892,68,D
4260,3892,186,T
4261,3893,68,D
4262,3893,186,T
4263,3894,68,D
4264,3894,186,T
4265,3895,68,D
4266,3895,186,T
4267,3896,137,D
4268,3896,213,T
4269,3897,137,D
4270,3897,213,T
4271,3898,137,D
4272,3898,213,T
4273,3899,137,D
4274,3899,213,T
4275,3900,137,D
4276,3900,213,T
4277,3901,137,D
4278,3901,213,T
4279,3902,137,D
4280,3902,213,T
4281,3903,137,D
4282,3903,213,T
4283,3904,163,D
4284,3904,277,T
4285,3905,163,D
4286,3905,277,T
4287,3906,163,D
4288,3906,277,T
4289,3907,70,D
4290,3907,113,T
4291,3908,70,D
4292,3908,113,T
4293,3909,70,D
4294,3909,113,T
4295,3910,70,D
4296,3910,113,T
4297,3911,70,D
4298,3911,113,T
4299,3912,70,D
4300,3912,113,T
4301,3913,70,D
4302,3913,113,T
4303,3914,70,D
4304,3914,113,T
4305,3915,70,D
4306,3915,113,T
4307,3916,71,D
4308,3916,144,T
4309,3917,71,D
4310,3917,144,T
4311,3918,71,D
4312,3918,144,T
4313,3919,71,D
4314,3919,144,T
4315,3920,71,D
4316,3920,144,T
4317,3921,71,D
4318,3921,144,T
4319,3922,71,D
4320,3922,144,T
4321,3923,71,D
4322,3923,144,T
4323,3924,68,D
4324,3924,186,T
4325,3925,68,D
4326,3925,186,T
4327,3926,68,D
4328,3926,186,T
4329,3927,210,D
4330,3927,290,T
4331,3928,154,A
4332,3929,154,A
4333,3930,154,A
4334,3931,154,A
4335,3932,154,A
4336,3933,154,A
4337,3934,154,A
4338,3935,154,A
4339,3936,154,A
4340,3937,154,A
4341,3938,154,A
4342,3939,154,A
4343,3940,154,A
4344,3941,154,A
4345,3942,154,A
4346,3943,197,A
4347,3944,198,D
4348,3944,243,T
4349,3945,137,D
4350,3945,213,T
4351,3946,137,D
4352,3946,213,T
4353,3947,137,D
4354,3947,213,T
4355,3948,137,D
4356,3948,213,T
4357,3949,137,D
4358,3949,213,T
4359,3950,137,D
4360,3950,213,T
4361,3951,137,D
4362,3951,213,T
4363,3952,137,D
4364,3952,213,T
4365,3953,137,D
4366,3953,213,T
4367,3954,137,D
4368,3954,213,T
4369,3955,137,D
4370,3955,213,T
4371,3956,219,D
4372,3956,274,T
4373,3957,219,D
4374,3957,274,T
4375,3958,219,D
4376,3958,274,T
4377,3959,219,D
4378,3959,274,T
4379,3960,219,D
4380,3960,274,T
4381,3961,174,D
4382,3961,240,T
4383,3962,174,D
4384,3962,240,T
4385,3963,174,D
4386,3963,240,T
4387,3964,174,D
4388,3964,240,T
4389,3965,174,D
4390,3965,240,T
4391,3966,174,D
4392,3966,240,T
4393,3967,174,D
4394,3967,240,T
4395,3968,174,D
4396,3968,240,T
4397,3969,239,D
4398,3969,281,T
4399,3970,239,D
4400,3970,281,T
4401,3971,239,D
4402,3971,281,T
4403,3972,35,A
4404,3973,35,A
4405,3974,246,A
4406,3975,246,A
4407,3976,246,A
4408,3977,246,A
4409,3978,246,A
4410,3979,246,A
4411,3980,246,A
4412,3981,11,A
4413,3982,11,A
4414,3983,45,A
4415,3984,25,A
4416,3985,27,A
4417,3986,27,A
4418,3987,27,A
4419,3988,27,A
4420,3989,27,A
4421,3990,27,A
4422,3991,40,A
4423,3992,40,A
4424,3993,94,A
4425,3994,94,A
4426,3995,94,A
4427,3996,94,A
4428,3997,25,A
4429,3998,25,A
4430,3999,25,A
4431,4000,25,A
4432,4001,25,A
4433,4002,25,A
4434,4003,25,A
4435,4004,25,A
4436,4005,25,A
4437,4006,25,A
4438,4007,25,A
4439,4008,11,A
4440,4009,11,A
4441,4010,25,A
4442,4011,25,A
4443,4012,35,A
4444,4013,11,A
4445,4014,17,A
4446,4015,17,A
4447,4016,17,A
4448,4017,17,A
4449,4018,17,A
4450,4019,54,A
4451,4020,54,A
4452,4021,17,A
4453,4022,17,A
4454,4023,17,A
4455,4024,17,A
4456,4025,17,A
4457,4026,17,A
4458,4027,17,A
4459,4028,17,A
4460,4029,96,A
4461,4030,96,A
4462,4031,96,A
4463,4032,96,A
4464,4033,96,A
4465,4034,96,A
4466,4035,96,A
4467,4036,96,A
4468,4037,96,A
4469,4038,95,A
4470,4039,95,A
4471,4040,73,A
4472,4041,73,A
4473,4042,73,A
4474,4043,73,A
4475,4044,74,A
4476,4045,74,A
4477,4046,74,A
4478,4047,74,A
4479,4048,74,A
4480,4049,73,A
4481,4050,73,A
4482,4051,73,A
4483,4052,73,A
4484,4053,18,A
4485,4054,18,A
4486,4055,18,A
4487,4056,18,A
4488,4057,18,A
4489,4058,18,A
4490,4059,18,A
4491,4060,25,A
4492,4061,25,A
4493,4062,25,A
4494,4063,25,A
4495,4064,18,A
4496,4065,18,A
4497,4066,18,A
4498,4067,18,A
4499,4068,18,A
4500,4069,18,A
4501,4070,18,A
4502,4071,18,A
4503,4072,18,A
4504,4073,18,A
4505,4074,18,A
4506,4075,123,A
4507,4076,123,A
4508,4077,123,A
4509,4078,123,A
4510,4079,123,A
4511,4080,123,A
4512,4081,123,A
4513,4082,123,A
4514,4083,123,A
4515,4084,123,A
4516,4085,123,A
4517,4086,18,A
4518,4087,18,A
4519,4088,18,A
4520,4089,54,A
4521,4090,54,A
4522,4091,54,A
4523,4092,54,A
4524,4093,54,A
4525,4094,73,A
4526,4095,73,A
4527,4096,73,A
4528,4097,73,A
4529,4098,73,A
4530,4099,73,A
4531,4100,54,A
4532,4101,54,A
4533,4102,93,A
4534,4103,93,A
4535,4104,93,A
4536,4105,40,A
4537,4106,40,A
4538,4107,40,A
4539,4108,40,A
4540,4109,40,A
4541,4110,40,A
4542,4111,40,A
4543,4112,40,A
4544,4113,38,A
4545,4114,38,A
4546,4115,38,A
4547,4116,38,A
4548,4117,38,A
4549,4118,79,A
4550,4119,79,A
4551,4120,79,A
4552,4121,79,A
4553,4122,79,A
4554,4123,79,A
4555,4124,79,A
4556,4125,79,A
4557,4126,79,A
4558,4127,79,A
4559,4128,79,A
4560,4129,79,A
4561,4130,79,A
4562,4131,79,A
4563,4132,79,A
4564,4133,79,A
4565,4134,79,A
4566,4135,125,A
4567,4136,125,A
4568,4137,125,A
4569,4138,125,A
4570,4139,36,A
4571,4140,36,A
4572,4141,36,A
4573,4142,36,A
4574,4143,36,A
4575,4144,36,A
4576,4145,36,A
4577,4146,36,A
4578,4147,36,A
4579,4148,36,A
4580,4149,36,A
4581,4150,36,A
4582,4151,36,A
4583,4152,36,A
4584,4153,28,A
4585,4154,54,A
4586,4155,137,A
4587,4156,137,A
4588,4157,137,A
4589,4158,137,A
4590,4159,96,A
4591,4160,96,A
4592,4161,96,A
4593,4162,96,A
4594,4163,40,A
4595,4164,40,A
4596,4165,40,A
4597,4166,40,A
4598,4167,40,A
4599,4168,40,A
4600,4169,40,A
4601,4170,40,A
4602,4171,38,A
4603,4172,38,A
4604,4173,38,A
4605,4174,38,A
4606,4175,38,A
4607,4176,38,A
4608,4177,38,A
4609,4178,38,A
4610,4179,52,A
4611,4180,38,A
4612,4181,38,A
4613,4182,38,A
4614,4183,38,A
4615,4184,38,A
4616,4185,42,A
4617,4186,42,A
4618,4187,42,A
4619,4188,42,A
4620,4189,42,A
4621,4190,42,A
4622,4191,42,A
4623,4192,42,A
4624,4193,2,A
4625,4194,2,A
4626,4195,2,A
4627,4196,2,A
4628,4197,3,A
4629,4198,3,A
4630,4199,3,A
4631,4200,3,A
4632,4201,37,A
4633,4202,37,A
4634,4203,37,A
4635,4204,37,A
4636,4205,48,A
4637,4206,48,A
4638,4207,48,A
4639,4208,48,A
4640,4209,74,A
4641,4210,74,A
4642,4211,74,A
4643,4212,74,A
4644,4213,32,A
4645,4214,32,A
4646,4215,32,A
4647,4216,28,A
4648,4217,28,A
4649,4218,28,A
4650,4219,28,A
4651,4220,28,A
4652,4221,48,A
4653,4222,48,A
4654,4223,48,A
4655,4224,48,A
4656,4225,48,A
4657,4226,70,A
4658,4227,70,A
4659,4228,1,A
4660,4229,1,A
4661,4230,67,A
4662,4231,67,A
4663,4232,67,A
4664,4233,67,A
4665,4234,67,A
4666,4235,52,A
4667,4236,89,A
4668,4237,89,A
4669,4238,89,A
4670,4239,89,A
4671,4240,89,A
4672,4241,89,A
4673,4242,89,A
4674,4243,52,A
4675,4244,52,A
4676,4245,52,A
4677,4246,52,A
4678,4247,52,A
4679,4248,52,A
4680,4249,52,A
4681,4250,52,A
4682,4251,92,A
4683,4252,92,A
4684,4253,92,A
4685,4254,89,A
4686,4255,89,A
4687,4256,89,A
4688,4257,89,A
4689,4258,70,A
4690,4259,70,A
4691,4260,70,A
4692,4261,70,A
4693,4262,70,A
4694,4263,70,A
4695,4264,70,A
4696,4265,70,A
4697,4266,32,A
4698,4267,32,A
4699,4268,32,A
4700,4269,32,A
4701,4270,32,A
4702,4271,35,A
4703,4272,35,A
4704,4273,35,A
4705,4274,35,A
4706,4275,48,A
4707,4276,48,A
4708,4277,48,A
4709,4278,48,A
4710,4279,48,A
4711,4280,48,A
4712,4281,7,A
4713,4282,7,A
4714,4283,7,A
4715,4284,7,A
4716,4285,7,A
4717,4286,35,A
4718,4287,35,A
4719,4288,35,A
4720,4289,35,A
4721,4290,48,A
4722,4291,48,A
4723,4292,48,A
4724,4293,48,A
4725,4294,62,A
4726,4295,62,A
4727,4296,48,A
4728,4297,48,A
4729,4298,48,A
4730,4299,48,A
4731,4300,25,A
4732,4301,25,A
4733,4302,25,A
4734,4303,25,A
4735,4304,70,A
4736,4305,70,A
4737,4306,70,A
4738,4307,70,A
4739,4308,70,A
4740,4309,70,A
4741,4310,54,A
4742,4311,54,A
4743,4312,54,A
4744,4313,54,A
4745,4314,54,A
4746,4315,54,A
4747,4316,54,A
4748,4317,54,A
4749,4318,54,A
4750,4319,35,A
4751,4320,35,A
4752,4321,35,A
4753,4322,35,A
4754,4323,35,A
4755,4324,35,A
4756,4325,35,A
4757,4326,35,A
4758,4327,54,A
4759,4328,54,A
4760,4329,54,A
4761,4330,54,A
4762,4331,54,A
4763,4332,70,A
4764,4333,70,A
4765,4334,28,A
4766,4335,28,A
4767,4336,28,A
4768,4337,28,A
4769,4338,28,A
4770,4339,28,A
4771,4340,15,D
4772,4340,36,T
4773,4341,15,D
4774,4341,36,T
4775,4342,15,D
4776,4342,36,T
4777,4343,20,D
4778,4343,106,T
4779,4344,20,D
4780,4344,106,T
4781,4345,20,D
4782,4345,106,T
4783,4346,20,D
4784,4346,106,T
4785,4347,20,D
4786,4347,106,T
4787,4348,20,D
4788,4348,106,T
4789,4349,20,D
4790,4349,106,T
4791,4350,20,D
4792,4350,106,T
4793,4351,20,D
4794,4351,106,T
4795,4352,20,D
4796,4352,106,T
4797,4353,20,D
4798,4353,106,T
4799,4354,132,A
4800,4355,132,A
4801,4356,132,A
4802,4357,132,A
4803,4358,132,A
4804,4359,132,A
4805,4360,132,A
4806,4361,132,A
4807,4362,132,A
4808,4363,132,A
4809,4364,132,A
4810,4365,132,A
4811,4366,132,A
4812,4367,132,A
4813,4368,132,A
4814,4369,132,A
4815,4370,132,A
4816,4371,132,A
4817,4372,132,A
4818,4373,132,A
4819,4374,132,A
4820,4375,157,A
4821,4376,157,A
4822,4377,157,A
4823,4378,157,A
4824,4379,157,A
4825,4380,157,A
4826,4381,157,A
4827,4382,157,A
4828,4383,96,A
4829,4384,96,A
4830,4385,96,A
4831,4386,96,A
4832,4387,132,A
4833,4388,132,A
4834,4389,132,A
4835,4390,132,A
4836,4391,132,A
4837,4392,132,A
4838,4393,132,A
4839,4394,132,A
4840,4395,132,A
4841,4396,157,A
4842,4397,157,A
4843,4398,157,A
4844,4399,157,A
4845,4400,157,A
4846,4401,157,A
4847,4402,157,A
4848,4403,157,A
4849,4404,157,A
4850,4405,157,A
4851,4406,157,A
4852,4407,156,A
4853,4408,156,A
4854,4409,156,A
4855,4410,156,A
4856,4411,156,A
4857,4412,156,A
4858,4413,156,A
4859,4414,156,A
4860,4415,156,A
4861,4416,156,A
4862,4417,132,A
4863,4418,132,A
4864,4419,132,A
4865,4420,132,A
4866,4421,132,A
4867,4422,132,A
4868,4423,132,A
4869,4424,132,A
4870,4425,132,A
4871,4426,132,A
4872,4427,132,A
4873,4428,125,A
4874,4429,125,A
4875,4430,125,A
4876,4431,125,A
4877,4432,125,A
4878,4433,125,A
4879,4434,125,A
4880,4435,76,A
4881,4436,76,A
4882,4437,76,A
4883,4438,76,A
4884,4439,76,A
4885,4440,76,A
4886,4441,93,A
4887,4442,93,A
4888,4443,93,A
4889,4444,93,A
4890,4445,93,A
4891,4446,96,A
4892,4447,96,A
4893,4448,96,A
4894,4449,96,A
4895,4450,96,A
4896,4451,96,A
4897,4452,96,A
4898,4453,96,A
4899,4454,96,A
4900,4455,96,A
4901,4456,96,A
4902,4457,54,A
4903,4458,54,A
4904,4459,54,A
4905,4460,54,A
4906,4461,54,A
4907,4462,54,A
4908,4463,54,A
4909,4464,54,A
4910,4465,54,A
4911,4466,28,A
4912,4467,28,A
4913,4468,40,A
4914,4469,40,A
4915,4470,40,A
4916,4471,40,A
4917,4472,52,A
4918,4473,52,A
4919,4474,52,A
4920,4475,52,A
4921,4476,52,A
4922,4477,52,A
4923,4478,52,A
4924,4479,52,A
4925,4480,52,A
4926,4481,52,A
4927,4482,52,A
4928,4483,52,A
4929,4484,52,A
4930,4485,52,A
4931,4486,70,A
4932,4487,70,A
4933,4488,70,A
4934,4489,70,A
4935,4490,70,A
4936,4491,70,A
4937,4492,70,A
4938,4493,70,A
4939,4494,70,A
4940,4495,70,A
4941,4496,70,A
4942,4497,70,A
4943,4498,70,A
4944,4499,70,A
4945,4500,70,A
4946,4501,70,A
4947,4502,70,A
4948,4503,197,A
4949,4504,197,A
4950,4505,197,A
4951,4506,197,A
4952,4507,197,A
4953,4508,197,A
4954,4509,197,A
4955,4510,73,A
4956,4511,73,A
4957,4512,73,A
4958,4513,73,A
4959,4514,73,A
4960,4515,73,A
4961,4516,73,A
4962,4517,165,A
4963,4518,165,A
4964,4519,2,A
4965,4520,2,A
4966,4521,2,A
4967,4522,2,A
4968,4523,27,A
4969,4524,27,A
4970,4525,27,A
4971,4526,27,A
4972,4527,27,A
4973,4528,27,A
4974,4529,33,A
4975,4530,33,A
4976,4531,33,A
4977,4532,17,A
4978,4533,17,A
4979,4534,17,A
4980,4535,17,A
4981,4536,17,A
4982,4537,17,A
4983,4538,17,A
4984,4539,17,A
4985,4540,17,A
4986,4541,96,A
4987,4542,96,A
4988,4543,96,A
4989,4544,96,A
4990,4545,96,A
4991,4546,151,A
4992,4547,129,A
4993,4548,129,A
4994,4549,129,A
4995,4550,129,A
4996,4551,129,A
4997,4552,129,A
4998,4553,129,A
4999,4554,18,A
5000,4555,18,A
5001,4556,76,A
5002,4557,76,A
5003,4558,76,A
5004,4559,76,A
5005,4560,76,A
5006,4561,76,A
5007,4562,76,A
5008,4563,76,A
5009,4564,7,A
5010,4565,7,A
5011,4566,7,A
5012,4567,7,A
5013,4568,36,A
5014,4569,36,A
5015,4570,36,A
5016,4571,36,A
5017,4572,36,A
5018,4573,36,A
5019,4574,36,A
5020,4575,36,A
5021,4576,36,A
5022,4577,36,A
5023,4578,36,A
5024,4579,57,A
5025,4580,57,A
5026,4581,93,A
5027,4582,93,A
5028,4583,157,A
5029,4584,157,A
5030,4585,157,A
5031,4586,99,A
5032,4587,99,A
5033,4588,99,A
5034,4589,70,A
5035,4590,70,A
5036,4591,70,A
5037,4592,70,A
5038,4593,70,A
5039,4594,70,A
5040,4595,70,A
5041,4596,70,A
5042,4597,70,A
5043,4598,70,A
5044,4599,70,A
5045,4600,70,A
5046,4601,56,A
5047,4602,56,A
5048,4603,56,A
5049,4604,56,A
5050,4605,56,A
5051,4606,56,A
5052,4607,93,A
5053,4608,93,A
5054,4609,93,A
5055,4610,93,A
5056,4611,93,A
5057,4612,93,A
5058,4613,93,A
5059,4614,93,A
5060,4615,93,A
5061,4616,93,A
5062,4617,93,A
5063,4618,93,A
5064,4619,93,A
5065,4620,93,A
5066,4621,93,A
5067,4622,93,A
5068,4623,93,A
5069,4624,93,A
5070,4625,25,A
5071,4626,25,A
5072,4627,25,A
5073,4628,25,A
5074,4629,40,A
5075,4630,40,A
5076,4631,40,A
5077,4632,40,A
5078,4633,40,A
5079,4634,40,A
5080,4635,40,A
5081,4636,25,A
5082,4637,25,A
5083,4638,70,A
5084,4639,70,A
5085,4640,70,A
5086,4641,70,A
5087,4642,70,A
5088,4643,70,A
5089,4644,70,A
5090,4645,70,A
5091,4646,87,A
5092,4647,87,A
5093,4648,87,A
5094,4649,52,A
5095,4650,52,A
5096,4651,52,A
5097,4652,52,A
5098,4653,52,A
5099,4654,52,A
5100,4655,52,A
5101,4656,52,A
5102,4657,25,A
5103,4658,25,A
5104,4659,25,A
5105,4660,25,A
5106,4661,25,A
5107,4662,25,A
5108,4663,25,A
5109,4664,41,A
5110,4665,41,A
5111,4666,41,A
5112,4667,80,A
5113,4668,80,A
5114,4669,80,A
5115,4670,80,A
5116,4671,80,A
5117,4672,80,A
5118,4673,80,A
5119,4674,80,A
5120,4675,80,A
5121,4676,80,A
5122,4677,80,A
5123,4678,42,A
5124,4679,42,A
5125,4680,42,A
5126,4681,42,A
5127,4682,42,A
5128,4683,105,A
5129,4684,105,A
5130,4685,42,A
5131,4686,105,A
5132,4687,130,A
5133,4688,130,A
5134,4689,130,A
5135,4690,130,A
5136,4691,226,A
5137,4692,226,A
5138,4693,226,A
5139,4694,226,A
5140,4695,226,A
5141,4696,223,A
5142,4697,223,A
5143,4698,223,A
5144,4699,226,A
5145,4700,226,A
5146,4701,226,A
5147,4702,226,A
5148,4703,223,A
5149,4704,223,A
5150,4705,223,A
5151,4706,223,A
5152,4707,226,A
5153,4708,226,A
5154,4709,226,A
5155,4710,226,A
5156,4711,75,A
5157,4712,75,A
5158,4713,75,A
5159,4714,223,A
5160,4715,223,A
5161,4716,223,A
5162,4717,223,A
5163,4727,223,A
5164,4728,223,A
5165,4729,223,A
5166,4730,223,A
5167,4731,223,A
5168,4732,223,A
5169,4733,223,A
5170,4725,223,A
5171,4726,223,A
5172,4727,247,A
5173,4728,247,A
5174,4729,222,A
5175,4730,222,A
5176,4731,222,A
5177,4732,222,A
5178,4733,222,A
5179,4734,223,A
5180,4735,223,A
5181,4736,223,A
5182,4737,223,A
5183,4738,248,A
5184,4739,248,A
5185,4740,248,A
5186,4741,248,A
5187,4742,248,A
5188,4743,248,A
5189,4744,247,A
5190,4745,247,A
5191,4746,247,A
5192,4747,247,A
5193,4748,247,A
5194,4749,266,A
5195,4750,266,A
5196,4751,266,A
5197,4752,266,A
5198,4753,266,A
5199,4754,266,A
5200,4755,266,A
5201,4756,266,A
5202,4757,266,A
5203,4758,266,A
5204,4759,266,A
5205,4760,54,A
5206,4761,54,A
5207,4762,54,A
5208,4763,54,A
5209,4764,54,A
5210,4765,54,A
5211,4766,54,A
5212,4767,54,A
5213,4768,54,A
5214,4769,54,A
5215,4770,54,A
5216,4771,100,A
5217,4772,100,A
5218,4773,100,A
5219,4774,100,A
5220,4775,100,A
5221,4776,100,A
5222,4777,100,A
5223,4778,100,A
5224,4779,100,A
5225,4780,100,A
5226,4781,100,A
5227,4782,100,A
5228,4783,100,A
5229,4784,100,A
5230,4785,126,A
5231,4786,126,A
5232,4787,126,A
5233,4788,126,A
5234,4789,126,A
5235,4790,126,A
5236,4791,126,A
5237,4792,126,A
5238,4793,126,A
5239,4794,222,A
5240,4795,222,A
5241,4796,222,A
5242,4797,222,A
5243,4798,36,A
5244,4799,36,A
5245,4800,36,A
5246,4801,36,A
5247,4802,80,A
5248,4803,80,A
5249,4804,80,A
5250,4805,201,A
5251,4806,201,A
5252,4807,201,A
5253,4808,201,A
5254,4809,80,A
5255,4810,80,A
5256,4811,80,A
5257,4812,70,A
5258,4813,70,A
5259,4814,70,A
5260,4815,70,A
5261,4816,70,A
5262,4817,70,A
5263,4818,70,A
5264,4819,70,A
5265,4820,70,A
5266,4821,70,A
5267,4822,70,A
5268,4823,70,A
5269,4824,70,A
5270,4825,70,A
5271,4826,90,A
5272,4827,90,A
5273,4828,90,A
5274,4829,90,A
5275,4830,90,A
5276,4831,90,A
5277,4832,90,A
5278,4833,110,A
5279,4834,110,A
5280,4835,110,A
5281,4836,110,A
5282,4837,110,A
5283,4838,110,A
5284,4839,110,A
5285,4840,110,A
5286,4841,110,A
5287,4842,110,A
5288,4843,110,A
5289,4844,110,A
5290,4845,54,A
5291,4846,54,A
5292,4847,54,A
5293,4848,54,A
5294,4849,25,A
5295,4850,25,A
5296,4851,25,A
5297,4852,25,A
5298,4853,25,A
5299,4854,25,A
5300,4855,25,A
5301,4856,25,A
5302,4857,25,A
5303,4858,25,A
5304,4859,89,A
5305,4860,89,A
5306,4861,89,A
5307,4862,89,A
5308,4863,89,A
5309,4864,89,A
5310,4865,72,A
5311,4866,72,A
5312,4867,72,A
5313,4868,72,A
5314,4869,72,A
5315,4870,72,A
5316,4871,72,A
5317,4872,72,A
5318,4873,72,A
5319,4874,72,A
5320,4875,72,A
5321,4876,72,A
5322,4877,72,A
5323,4878,36,A
5324,4879,36,A
5325,4880,137,A
5326,4881,137,A
5327,4882,137,A
5328,4883,48,A
5329,4884,48,A
5330,4885,48,A
5331,4886,48,A
5332,4887,3,A
5333,4888,3,A
5334,4889,3,A
5335,4890,3,A
5336,4891,3,A
5337,4892,3,A
5338,4893,3,A
5339,4894,3,A
5340,4895,27,A
5341,4896,27,A
5342,4897,27,A
5343,4898,27,A
5344,4899,27,A
5345,4900,27,A
5346,4901,35,A
5347,4902,35,A
5348,4903,35,A
5349,4904,35,A
5350,4905,35,A
5351,4906,27,A
5352,4907,48,A
5353,4908,48,A
5354,4909,48,A
5355,4910,48,A
5356,4911,51,A
5357,4912,51,A
5358,4913,51,A
5359,4914,54,A
5360,4915,54,A
5361,4916,72,A
5362,4917,72,A
5363,4918,72,A
5364,4919,72,A
5365,4920,54,A
5366,4921,54,A
5367,4922,54,A
5368,4923,54,A
5369,4924,54,A
5370,4925,54,A
5371,4926,54,A
5372,4927,54,A
5373,4928,54,A
5374,4929,54,A
5375,4930,110,A
5376,4931,110,A
5377,4932,110,A
5378,4933,70,A
5379,4934,70,A
5380,4935,96,A
5381,4936,96,A
5382,4937,96,A
5383,4938,96,A
5384,4939,151,A
5385,4940,151,A
5386,4941,35,A
5387,4942,35,A
5388,4943,35,A
5389,4944,35,A
5390,4945,27,A
5391,4946,27,A
5392,4947,27,A
5393,4948,27,A
5394,4949,27,A
5395,4950,27,A
5396,4951,27,A
5397,4952,27,A
5398,4953,35,A
5399,4954,35,A
5400,4955,35,A
5401,4956,35,A
5402,4957,35,A
5403,4958,27,A
5404,4959,27,A
5405,4960,89,A
5406,4961,89,A
5407,4962,140,A
5408,4963,54,A
5409,4964,54,A
5410,4965,54,A
5411,4966,54,A
5412,4967,140,A
5413,4968,140,A
5414,4969,72,A
5415,4970,72,A
5416,4971,72,A
5417,4972,72,A
5418,4973,72,A
5419,4974,72,A
5420,4975,72,A
5421,4976,54,A
5422,4977,54,A
5423,4978,38,A
5424,4979,38,A
5425,4980,38,A
5426,4981,36,A
5427,4982,36,A
5428,4983,36,A
5429,4984,36,A
5430,4985,36,A
5431,4986,51,A
5432,4987,51,A
5433,4988,51,A
5434,4989,51,A
5435,4990,51,A
5436,4991,37,A
5437,4992,37,A
5438,4993,37,A
5439,4994,37,A
5440,4995,37,A
5441,4996,37,A
5442,4997,37,A
5443,4998,37,A
5444,4999,37,A
5445,5000,37,A
5446,5001,37,A
5447,5002,37,A
5448,5003,35,A
5449,5004,35,A
5450,5005,35,A
5451,5006,35,A
5452,5007,35,A
5453,5008,35,A
5454,5009,35,A
5455,5010,35,A
5456,5011,35,A
5457,5012,72,A
5458,5013,72,A
5459,5014,28,A
5460,5015,28,A
5461,5016,28,A
5462,5017,28,A
5463,5018,28,A
5464,5019,35,A
5465,5020,35,A
5466,5021,35,A
5467,5022,35,A
5468,5023,72,A
5469,5024,72,A
5470,5025,72,A
5471,5026,72,A
5472,5027,110,A
5473,5028,110,A
5474,5029,137,A
5475,5030,137,A
5476,5031,137,A
5477,5032,137,A
5478,5033,137,A
5479,5034,137,A
5480,5035,35,A
5481,5036,93,A
5482,5037,93,A
5483,5038,93,A
5484,5039,93,A
5485,5040,93,A
5486,5041,93,A
5487,5042,93,A
5488,5043,93,A
5489,5044,89,A
5490,5045,89,A
5491,5046,89,A
5492,5047,89,A
5493,5048,89,A
5494,5049,48,A
5495,5050,48,A
5496,5051,48,A
5497,5052,48,A
5498,5053,48,A
5499,5054,48,A
5500,5055,48,A
5501,5056,48,A
5502,5057,48,A
5503,5058,48,A
5504,5059,48,A
5505,5060,48,A
5506,5061,48,A
5507,5062,48,A
5508,5063,73,A
5509,5064,96,A
5510,5065,96,A
5511,5066,96,A
5512,5067,96,A
5513,5068,96,A
5514,5069,96,A
5515,5070,96,A
5516,5071,96,A
5517,5072,147,A
5518,5073,147,A
5519,5074,147,A
5520,5075,147,A
5521,5076,154,A
5522,5077,154,A
5523,5078,154,A
5524,5079,154,A
5525,5080,154,A
5526,5081,154,A
5527,5082,154,A
5528,5083,154,A
5529,5084,154,A
5530,5085,200,A
5531,5086,200,A
5532,5087,200,A
5533,5088,200,A
5534,5089,200,A
5535,5090,200,A
5536,5091,200,A
5537,5092,154,A
5538,5093,75,A
5539,5094,75,A
5540,5095,75,A
5541,5096,75,A
5542,5097,75,A
5543,5098,75,A
5544,5099,75,A
5545,5100,75,A
5546,5101,75,A
5547,5102,75,A
5548,5103,75,A
5549,5104,75,A
5550,5105,75,A
5551,5106,75,A
5552,5107,75,A
5553,5108,75,A
5554,5109,28,A
5555,5110,28,A
5556,5111,28,A
5557,5112,36,A
5558,5113,48,A
5559,5114,48,A
5560,5115,48,A
5561,5116,48,A
5562,5117,54,A
5563,5118,54,A
5564,5119,52,A
5565,5120,65,A
5566,5121,65,A
5567,5122,52,A
5568,5123,70,A
5569,5124,70,A
5570,5125,70,A
5571,5126,70,A
5572,5127,70,A
5573,5128,70,A
5574,5129,70,A
5575,5130,70,A
5576,5131,70,A
5577,5132,70,A
5578,5133,113,A
5579,5134,113,A
5580,5135,113,A
5581,5136,113,A
5582,5137,113,A
5583,5138,113,A
5584,5139,87,A
5585,5140,87,A
5586,5141,87,A
5587,5142,87,A
5588,5143,48,A
5589,5144,48,A
5590,5145,48,A
5591,5146,48,A
5592,5147,48,A
5593,5148,53,A
5594,5149,53,A
5595,5150,52,A
5596,5151,52,A
5597,5152,52,A
5598,5153,52,A
5599,5154,52,A
5600,5155,52,A
5601,5156,54,A
5602,5157,54,A
5603,5158,54,A
5604,5159,54,A
5605,5160,54,A
5606,5161,54,A
5607,5162,54,A
5608,5163,54,A
5609,5164,54,A
5610,5165,70,A
5611,5166,70,A
5612,5167,70,A
5613,5168,70,A
5614,5169,70,A
5615,5170,70,A
5616,5171,70,A
5617,5172,70,A
5618,5173,70,A
5619,5174,70,A
5620,5175,70,A
5621,5176,70,A
5622,5177,70,A
5623,5178,70,A
5624,5179,70,A
5625,5180,70,A
5626,5181,70,A
5627,5182,70,A
5628,5183,70,A
5629,5184,110,A
5630,5185,65,A
5631,5186,65,A
5632,5187,114,A
5633,5188,114,A
5634,5189,114,A
5635,5190,89,A
5636,5191,89,A
5637,5192,89,A
5638,5193,89,A
5639,5194,89,A
5640,5195,89,A
5641,5196,89,A
5642,5197,89,A
5643,5198,169,A
5644,5199,169,A
5645,5200,169,A
5646,5201,169,A
5647,5202,169,A
5648,5203,183,A
5649,5204,183,A
5650,5205,183,A
5651,5206,114,A
5652,5207,114,A
5653,5208,54,A
5654,5209,54,A
5655,5210,54,A
5656,5211,54,A
5657,5212,54,A
5658,5213,54,A
5659,5214,54,A
5660,5215,54,A
5661,5216,54,A
5662,5217,54,A
5663,5218,114,A
5664,5219,114,A
5665,5220,114,A
5666,5221,114,A
5667,5222,114,A
5668,5223,70,A
5669,5224,70,A
5670,5225,70,A
5671,5226,70,A
5672,5227,70,A
5673,5228,70,A
5674,5229,70,A
5675,5230,70,A
5676,5231,70,A
5677,5232,70,A
5678,5233,70,A
5679,5234,70,A
5680,5235,67,A
5681,5236,153,A
5682,5237,153,A
5683,5238,153,A
5684,5239,153,A
5685,5240,153,A
5686,5241,153,A
5687,5242,153,A
5688,5243,153,A
5689,5244,153,A
5690,5245,153,A
5691,5246,153,A
5692,5247,96,A
5693,5248,96,A
5694,5249,96,A
5695,5250,96,A
5696,5251,96,A
5697,5252,96,A
5698,5253,96,A
5699,5254,147,A
5700,5255,147,A
5701,5256,154,A
5702,5257,154,A
5703,5258,154,A
5704,5259,154,A
5705,5260,154,A
5706,5261,154,A
5707,5262,154,A
5708,5263,154,A
5709,5264,153,A
5710,5265,153,A
5711,5266,154,A
5712,5267,154,A
5713,5268,149,A
5714,5269,149,A
5715,5270,149,A
5716,5271,149,A
